8426.079564094543, 0.02, 0.0, 0.0, 0.0
1.0, 7.124364266919454, 107.0, 655.21875, 10.752425112202848
2.0, 2.760206248570139, 1600.0, 513.28125, 8.596734476058382
3.0, 7.568423153752498, 82.0, 380.375, 10.489342671710748
4.0, 3.441471896285962, 61.0, 699.21875, 10.113354019720589
5.0, 2.293059126392352, 55.0, 221.28125, 8.223914482047324
6.0, 3.980966132121586, 78.0, 169.28125, 6.401596580569005
7.0, 6.310429283599268, 121.0, 426.59375, 12.20113659242363
8.0, 3.562498227234915, 74.0, 330.0, 7.719814087374885
9.0, 2.006501355298558, 65.0, 214.96875, 6.815684268005521
10.0, 3.269447659066949, 79.0, 127.84375, 4.989873729530477
11.0, 3.453042802808447, 86.0, 127.46875, 7.547614023747793
12.0, 0.4982069959487865, 79.0, 78.53125, 6.769423238182637
13.0, 2.2198890346925277, 71.0, 126.125, 3.8105446278554727
14.0, 3.7194592284636467, 75.0, 69.46875, 2.3927993135581582
15.0, 4.358739633391101, 92.0, 222.46875, 9.60259345975807
16.0, 4.770379207165423, 94.0, 84.90625, 4.4788250742106825
17.0, 3.990408976866494, 80.0, 122.40625, 3.8681108783136167
18.0, 3.660798129258229, 74.0, 79.53125, 5.68058409020968
19.0, 5.150736011386083, 88.0, 120.9375, 3.3435134784325036
20.0, 4.779729131179535, 79.0, 77.59375, 3.519264163516353
21.0, 4.38976178705473, 94.0, 124.65625, 6.132530722880197
22.0, 4.393561078413407, 88.0, 129.0, 6.102539990873339
23.0, 2.867113563017764, 66.0, 80.84375, 5.709170878126716
24.0, 4.094649659075438, 81.0, 75.75, 2.6340689672414896
25.0, 4.222017195278012, 82.0, 129.1875, 4.126876815963971
26.0, 5.291838194637771, 84.0, 76.53125, 1.6788924894447392
27.0, 5.081889647082378, 73.0, 131.46875, 2.2979863464870736
28.0, 4.434070943618305, 70.0, 133.5, 2.936812240186999
29.0, 3.394890268334435, 68.0, 327.28125, 8.963490463393171
30.0, 4.045283895388311, 68.0, 170.6875, 8.699527524587168
31.0, 3.238098724166756, 64.0, 86.125, 3.8093599669977243
32.0, 3.5193307678647123, 66.0, 78.71875, 1.5424602473346443
33.0, 3.353085639566978, 65.0, 176.09375, 7.159410413859173
34.0, 4.060374852636968, 64.0, 81.1875, 3.357676369270064
35.0, 3.88382624700397, 68.0, 126.96875, 4.665800204921076
36.0, 4.008058485224422, 68.0, 74.71875, 0.9633847504561018
37.0, 4.173321249757574, 66.0, 132.625, 2.541474722772979
38.0, 4.162794151685739, 69.0, 174.03125, 6.8840464649198845
39.0, 4.596300204975028, 73.0, 75.1875, 1.9588299648112233
40.0, 4.33168207060153, 71.0, 175.09375, 8.421184428582276
41.0, 4.652420647411122, 77.0, 180.15625, 5.81884297499074
42.0, 3.434948436325037, 63.0, 176.65625, 6.689972803475558
43.0, 4.583270551043583, 69.0, 219.25, 7.947869447743666
44.0, 5.011559055947534, 72.0, 76.5625, 1.7110410842754933
45.0, 5.011421659250902, 70.0, 221.5625, 8.185450221919934
46.0, 4.064251847526155, 61.0, 180.125, 10.163344640176735
47.0, 3.1994789243653337, 60.0, 270.34375, 10.423000378483565
48.0, 5.757617314325995, 89.0, 78.25, 1.6843742220412123
49.0, 4.554952842754654, 68.0, 138.3125, 9.705687932271514
50.0, 5.617362348258513, 81.0, 81.59375, 1.2483720909929212
51.0, 5.4346172884023325, 85.0, 180.6875, 11.321968603803237
52.0, 5.515596392978565, 98.0, 130.65625, 5.390685738225335
53.0, 5.374780828712064, 91.0, 135.8125, 8.29389663660623
54.0, 4.5447379489297255, 69.0, 81.375, 1.0598155281997372
55.0, 5.557063377159883, 94.0, 80.5625, 0.8672183949743619
56.0, 5.37270134115495, 80.0, 89.40625, 4.154280482119693
57.0, 5.347881761982543, 78.0, 90.90625, 5.6107743456016514
58.0, 5.125107959370977, 76.0, 87.1875, 3.358423041154024
59.0, 4.911486534299175, 72.0, 134.40625, 6.58682869342573
60.0, 4.770055886099297, 74.0, 134.46875, 6.644969378574683
61.0, 3.855864487400593, 66.0, 126.3125, 5.355441863961042
62.0, 4.063071066122672, 67.0, 78.59375, 1.068695404058066
63.0, 4.322695543837869, 72.0, 88.21875, 6.928635631099202
64.0, 5.477190024781029, 84.0, 78.75, 1.6539635987835306
65.0, 5.049772318147336, 73.0, 96.21875, 8.631458480906307
66.0, 5.085926500756126, 74.0, 77.34375, 1.8601820860507552
67.0, 5.072074723109004, 73.0, 129.90625, 3.780322257929027
68.0, 5.349265843434834, 77.0, 228.3125, 8.862598609607844
69.0, 4.87564919271256, 85.0, 174.9375, 10.241017009205665
70.0, 4.956305696802892, 94.0, 126.53125, 4.079694370207397
71.0, 5.243038347339422, 89.0, 79.78125, 1.114001299564042
72.0, 5.577903274194233, 90.0, 183.0625, 9.500964688556238
73.0, 5.632436486325371, 77.0, 92.46875, 5.81957988771588
74.0, 5.255703805853679, 81.0, 82.25, 1.5006498841381042
75.0, 5.400386289679235, 90.0, 125.65625, 6.673395375541039
76.0, 6.104717530400107, 91.0, 85.90625, 1.161732048071432
77.0, 5.577415386568758, 98.0, 131.46875, 6.3199616624135295
78.0, 5.303367781501328, 77.0, 127.1875, 5.861682603340371
79.0, 5.423035181437054, 86.0, 81.28125, 0.9474982631662986
80.0, 5.678156856124104, 95.0, 88.8125, 5.042367614380813
81.0, 5.256851496358632, 88.0, 128.0625, 8.472939393848588
82.0, 6.528696171970555, 104.0, 86.25, 1.0714848052913166
83.0, 5.563574144223908, 87.0, 134.71875, 5.377966277918179
84.0, 5.210873859314149, 79.0, 133.03125, 11.131735882745666
85.0, 5.78657264286746, 82.0, 82.03125, 1.039386464078455
86.0, 6.680019011148496, 91.0, 86.28125, 1.5580476273076103
87.0, 5.62382157069983, 86.0, 133.03125, 6.180398395997611
88.0, 5.3682609153737095, 83.0, 271.65625, 8.682188048634664
89.0, 5.466119418011618, 86.0, 85.65625, 1.3232556061801937
90.0, 5.064324238200656, 82.0, 126.4375, 7.591210780554148
91.0, 5.493176662622805, 89.0, 83.84375, 1.4043133952083182
92.0, 6.106937275634738, 90.0, 82.65625, 2.034466918574724
93.0, 5.519553189696108, 86.0, 131.0, 8.365140708920944
94.0, 5.86822293843521, 92.0, 83.28125, 1.112383470715442
95.0, 5.862136905338296, 89.0, 130.3125, 4.2592442724165664
96.0, 7.86117949378907, 97.0, 82.5, 1.4685728035527308
97.0, 6.881511454910684, 89.0, 231.78125, 10.426384585725618
98.0, 8.204338613973707, 99.0, 85.25, 1.4049233426197352
99.0, 6.446740708728531, 87.0, 242.90625, 11.554920928454514
100.0, 6.548861404793444, 90.0, 85.8125, 3.4618382858210173
101.0, 6.753675333684536, 93.0, 133.75, 3.762362450259483
102.0, 5.680862065576171, 83.0, 140.0, 6.855436942820924
103.0, 7.132724408472857, 93.0, 84.75, 1.6911960686477407
104.0, 5.826905600110369, 84.0, 136.65625, 9.812897336908959
105.0, 4.799114605177332, 86.0, 134.4375, 9.667025265242044
106.0, 8.039704776325472, 103.0, 84.53125, 1.4857561037017835
107.0, 7.166619821805821, 99.0, 93.40625, 3.963547712713953
108.0, 7.268931456976048, 95.0, 139.78125, 6.522297162174736
109.0, 6.782898350904904, 94.0, 139.875, 6.805955792423929
110.0, 6.775299754656554, 92.0, 96.5, 5.833685047226385
111.0, 8.28096320045072, 95.0, 88.1875, 1.4633572619329371
112.0, 8.452114180692712, 104.0, 182.375, 10.285520386928313
113.0, 8.336101175033729, 103.0, 88.65625, 1.663138119111788
114.0, 8.427572703323841, 100.0, 187.0, 9.179822784437542
115.0, 9.391744959758212, 114.0, 91.53125, 1.5454457395239172
116.0, 8.28364335681558, 103.0, 143.3125, 9.679254267124913
117.0, 7.723921362374087, 99.0, 94.53125, 4.132438787652228
118.0, 7.670543583170456, 97.0, 136.46875, 5.579634906049716
119.0, 8.391942512205526, 99.0, 87.125, 1.5085638792329081
120.0, 7.142593473049089, 86.0, 90.75, 2.7307651322756574
121.0, 8.492821483038583, 95.0, 99.625, 3.7082741237785797
122.0, 8.471180311079884, 93.0, 145.5625, 7.877996928364439
123.0, 7.7481769425905025, 87.0, 111.6875, 5.105006306908035
124.0, 6.966426757787612, 90.0, 98.875, 5.071060589058871
125.0, 6.96822200521351, 86.0, 146.65625, 7.836089516444218
126.0, 6.5695857163890325, 85.0, 141.6875, 11.574660320996195
127.0, 7.236554535154649, 89.0, 139.5, 7.0612593938418815
128.0, 8.383848079235086, 93.0, 88.15625, 3.284621205411066
129.0, 8.100313653192483, 94.0, 92.96875, 1.9871984759259442
130.0, 8.060347189655802, 84.0, 98.8125, 6.014762252097596
131.0, 8.249975323533251, 98.0, 89.5625, 1.7030794189513132
132.0, 6.617575461450854, 104.0, 150.46875, 10.269863854981624
133.0, 6.761864163941044, 85.0, 152.28125, 10.403182578649158
134.0, 9.949281161326406, 113.0, 100.6875, 1.8287391616533752
135.0, 10.117746759914018, 118.0, 154.65625, 6.676515855003308
136.0, 10.909957929042212, 136.0, 109.34375, 2.012674967195942
137.0, 11.928489852336165, 135.0, 167.0, 6.747996877783498
138.0, 11.686800726368304, 127.0, 125.09375, 2.47284230555316
139.0, 12.24593699021343, 140.0, 126.40625, 1.668116707261026
140.0, 12.28534196389934, 141.0, 130.09375, 1.7886971837692507
141.0, 12.507872858872663, 132.0, 188.78125, 11.053333207091763
142.0, 10.2398597048398, 136.0, 227.09375, 7.645958639995443
143.0, 11.979576901316554, 134.0, 127.96875, 2.2328097915893554
144.0, 12.18161167787947, 145.0, 132.125, 5.810715497465936
145.0, 11.576066199077685, 141.0, 134.5, 1.8657196006260164
146.0, 12.195108508599898, 139.0, 133.96875, 1.1249909826620832
147.0, 11.695930474603024, 142.0, 133.875, 6.930263028085646
148.0, 12.83764042318815, 137.0, 181.3125, 9.890485634747952
149.0, 12.064501754107397, 137.0, 132.75, 1.4766372044193496
150.0, 11.773800273066616, 148.0, 183.3125, 9.754964398548271
151.0, 12.798637464465484, 140.0, 176.03125, 8.609719101322833
152.0, 12.103957217922936, 138.0, 178.625, 7.387313028488934
153.0, 12.746300088148981, 144.0, 180.03125, 9.354732445391484
154.0, 13.144648505683993, 140.0, 127.96875, 3.781743185556745
155.0, 13.22404681451003, 141.0, 138.125, 2.0961035995866415
156.0, 13.582872731102347, 143.0, 134.375, 2.736146503050291
157.0, 13.334411424506763, 142.0, 185.3125, 6.32180830572227
158.0, 12.844100707600195, 141.0, 181.65625, 9.474282965079663
159.0, 12.545451362752727, 139.0, 136.0, 4.953807800708257
160.0, 12.618280773416664, 140.0, 141.4375, 6.2384693163112415
161.0, 12.22776812549668, 137.0, 189.5, 8.583496719586615
162.0, 12.675311751995443, 133.0, 135.71875, 3.2932743610616524
163.0, 11.99111122562155, 135.0, 138.21875, 1.0994939928492848
164.0, 12.457499909484717, 136.0, 177.0625, 11.062470621724284
165.0, 12.628915380360578, 133.0, 127.28125, 2.0538005341909007
166.0, 12.805395692130835, 140.0, 128.25, 4.804126768595515
167.0, 12.270671285651357, 132.0, 131.78125, 2.6221938088264003
168.0, 11.749718943216275, 134.0, 176.53125, 9.956334262184091
169.0, 12.301092732865245, 140.0, 129.9375, 1.6745232891807489
170.0, 12.931172459557436, 137.0, 179.28125, 10.289298525515411
171.0, 12.578814771336397, 133.0, 134.125, 1.5217253785995657
172.0, 12.938272278270796, 138.0, 138.53125, 1.4388824373169482
173.0, 12.912687407222954, 134.0, 133.59375, 1.845591769532393
174.0, 12.198028967742179, 139.0, 270.96875, 13.988785067379483
175.0, 12.716351482812783, 136.0, 139.09375, 2.057133258963256
176.0, 12.843309805146903, 137.0, 128.34375, 1.8479185676166991
177.0, 12.932810846167994, 139.0, 133.65625, 3.3699769687825314
178.0, 13.521670012037251, 141.0, 139.28125, 5.199430055897946
179.0, 12.279076046136241, 132.0, 178.28125, 9.221451536563954
180.0, 12.967232528929461, 141.0, 179.28125, 9.209161486178012
181.0, 12.230655433907453, 143.0, 225.03125, 9.794565931986414
182.0, 13.18728331462046, 138.0, 139.71875, 1.542502530223721
183.0, 12.757445675409748, 142.0, 139.0625, 6.893778096578483
184.0, 12.526103262493956, 139.0, 140.46875, 8.107866172766215
185.0, 12.864905681031669, 133.0, 137.5, 2.1852788390690607
186.0, 13.138028982173944, 132.0, 132.96875, 1.352405065715126
187.0, 12.892442691920737, 143.0, 272.53125, 14.837908539940154
188.0, 13.010400163176094, 137.0, 140.84375, 5.2062368098920535
189.0, 13.392656422453182, 137.0, 137.6875, 1.007735827143759
190.0, 12.828340959205601, 140.0, 130.53125, 2.6632085726851047
191.0, 13.148808435534677, 140.0, 186.4375, 6.999247371445331
192.0, 13.533346733886393, 132.0, 135.0625, 1.17277129669506
193.0, 13.202756628223042, 136.0, 137.0625, 3.983654857997415
194.0, 13.285167176989248, 142.0, 140.625, 6.237283082218683
195.0, 13.725094616434742, 138.0, 182.3125, 12.59553564344086
196.0, 13.652177475410536, 137.0, 132.53125, 5.330927314715951
197.0, 13.22575026368025, 131.0, 132.0, 5.273217813014788
198.0, 12.89509325181789, 137.0, 136.46875, 3.5963402109073024
199.0, 12.831163122165202, 135.0, 132.4375, 1.6073588260571134
200.0, 13.22932639715532, 132.0, 137.84375, 0.8979180294167899
201.0, 12.767309869276444, 137.0, 135.78125, 4.783011374256264
202.0, 12.50952347644631, 138.0, 136.78125, 1.4040579397945867
203.0, 13.26300294153603, 135.0, 134.9375, 1.4402612170767204
204.0, 12.839294480139088, 136.0, 138.25, 8.796148703670468
205.0, 13.418570534340631, 141.0, 138.0625, 4.850211619795819
206.0, 12.87057013608363, 140.0, 136.90625, 5.310645778120157
207.0, 13.158863921990108, 132.0, 139.625, 3.1069317179306584
208.0, 13.777844765020294, 141.0, 138.1875, 1.737899338695661
209.0, 13.477035146956608, 141.0, 139.84375, 7.1046996011637935
210.0, 13.610147697295814, 139.0, 136.34375, 1.1167711663421733
211.0, 12.817518300107196, 138.0, 137.34375, 1.8185042675660759
212.0, 13.335362232098273, 141.0, 138.0, 4.267159295579315
213.0, 13.290234107910463, 140.0, 143.8125, 0.5516610707657106
214.0, 13.7463202466949, 147.0, 141.90625, 8.642297495542953
215.0, 13.637473102818223, 140.0, 136.53125, 3.582858909657043
216.0, 13.609984488621173, 140.0, 145.40625, 6.032813871239301
217.0, 13.51784032525018, 140.0, 139.125, 2.183122438726947
218.0, 13.48931326749666, 146.0, 147.5, 2.4165908995474177
219.0, 13.108634380773605, 138.0, 185.6875, 13.047921561166863
220.0, 13.561247756682791, 139.0, 141.90625, 2.3774540232481938
221.0, 13.451192403815785, 142.0, 147.375, 5.579753090841267
222.0, 13.512619679182395, 141.0, 194.96875, 9.365302030407953
223.0, 13.377101402529366, 142.0, 142.3125, 7.273248367973819
224.0, 12.883882960687878, 144.0, 147.1875, 0.8692099664898657
225.0, 12.987112485750592, 137.0, 143.75, 1.680770089695493
226.0, 13.205717653942187, 143.0, 142.8125, 3.027823431598328
227.0, 11.962956000463054, 130.0, 147.84375, 4.637370589242546
228.0, 13.551545835778699, 138.0, 143.15625, 1.2984395126110868
229.0, 13.12931274381328, 137.0, 144.4375, 5.118672835198336
230.0, 13.093166880402878, 135.0, 212.03125, 17.37674715521101
231.0, 13.973849832136906, 146.0, 167.75, 8.907005580947175
232.0, 53.426887005527455, 537.0, 206.25, 15.261619627302485
233.0, 43.41723435332346, 409.0, 311.5625, 25.316966990679376
234.0, 50.50826431922527, 441.0, 385.375, 38.215303594009384
235.0, 86.29366818458638, 783.0, 360.75, 34.436761904146984
236.0, 89.90179793227743, 891.0, 465.71875, 40.585084977593034
237.0, 161.8189710373033, 1600.0, 639.5625, 48.846966247334265
238.0, 158.42985739844153, 1600.0, 688.15625, 53.305902399342216
239.0, 162.16392465318538, 1600.0, 1104.4375, 50.39929375725787
240.0, 155.59394075842914, 1600.0, 1172.84375, 63.064387809965396
241.0, 158.5750900615427, 1600.0, 1025.1875, 53.28597135143527
242.0, 164.6406254102553, 1600.0, 1068.125, 55.765230107628234
243.0, 155.37893982586291, 1600.0, 1149.15625, 66.72819016182883
244.0, 161.24557553275042, 1600.0, 1255.59375, 52.79607526537489
245.0, 164.2751642434471, 1600.0, 1113.71875, 54.665555046451374
246.0, 169.2039614560356, 1600.0, 1219.34375, 55.35129384273712
247.0, 169.45237150323013, 1600.0, 1107.8125, 55.3639109682343
248.0, 159.34300556264793, 1600.0, 914.6875, 64.61216992138635
249.0, 157.0453108767178, 1600.0, 1118.8125, 56.63173185375534
250.0, 165.18849669918467, 1600.0, 1261.46875, 44.76975988646676
251.0, 160.95446235977332, 1600.0, 1190.84375, 56.46966574984475
252.0, 165.92360078885295, 1600.0, 1318.375, 54.20457579802118
253.0, 164.43976909140503, 1600.0, 1287.1875, 45.93392080983173
254.0, 157.07790501945797, 1600.0, 1126.6875, 64.6876655477987
255.0, 92.92380036163468, 915.0, 1153.375, 57.95595853977673
256.0, 166.56097152439528, 1600.0, 1258.25, 53.18329887537731
257.0, 166.42279122546043, 1600.0, 1293.09375, 63.56646417239271
258.0, 172.82794510255025, 1600.0, 1223.59375, 54.62604363238806
259.0, 169.51636585746002, 1600.0, 1449.15625, 45.021111271187685
260.0, 156.83223070156885, 1600.0, 1195.9375, 67.05927056949656
261.0, 156.54229065110445, 1600.0, 1172.40625, 61.988026027476096
262.0, 149.0480490633138, 1600.0, 1155.96875, 67.77456011100577
263.0, 166.57544643240104, 1600.0, 1358.78125, 55.06423026661374
264.0, 79.91154101287394, 1014.0, 1165.90625, 59.34225169011461
265.0, 162.38369505666685, 1600.0, 1115.5625, 55.78142058940678
266.0, 158.6917181812987, 1600.0, 1082.34375, 55.08708074878218
267.0, 168.03654315387809, 1600.0, 1235.125, 55.52756290378198
268.0, 154.39542887763304, 1600.0, 1318.59375, 47.88465910587818
269.0, 166.46385778258835, 1600.0, 1323.53125, 51.526757617791105
270.0, 169.67803683030496, 1600.0, 1145.875, 60.20401790245243
271.0, 168.66274409691147, 1600.0, 1310.71875, 59.0485905151406
272.0, 167.41606948417547, 1600.0, 1312.375, 61.724883208999444
273.0, 173.5171749263019, 1600.0, 1388.40625, 42.40352068385072
274.0, 151.31282177503348, 1545.0, 1251.40625, 54.01224623751611
275.0, 171.6950985010325, 1600.0, 1259.3125, 52.427476468964116
276.0, 164.85522168771277, 1600.0, 1086.125, 50.487911779224405
277.0, 173.59448883627988, 1600.0, 1404.6875, 57.54398950938954
278.0, 175.5046460051318, 1600.0, 1314.0, 54.96459894586932
279.0, 173.60816970596744, 1600.0, 1200.09375, 63.85866629943501
280.0, 175.05991833559952, 1600.0, 1252.25, 61.13701958419632
281.0, 176.27543140257998, 1600.0, 1172.875, 63.207771607880815
282.0, 177.56901990913084, 1600.0, 1367.65625, 82.7017616304049
283.0, 89.61181086360601, 1002.0, 1271.0, 61.449015884357365
284.0, 170.68003074652117, 1600.0, 1283.15625, 57.04469935337508
285.0, 167.10362452325077, 1600.0, 1189.09375, 75.50935575113033
286.0, 168.66035695040236, 1600.0, 1140.28125, 58.98565260292535
287.0, 97.69585089755107, 1075.0, 1115.5625, 73.22518763781267
288.0, 147.3530102921243, 1310.0, 1395.125, 57.08123915596601
289.0, 175.87115657469255, 1600.0, 1136.8125, 69.09557340197088
290.0, 169.69129417672653, 1600.0, 1288.25, 70.90221570792502
291.0, 179.31030195797504, 1600.0, 1081.9375, 60.63926748346933
292.0, 169.75166198813238, 1600.0, 1396.21875, 63.15489996787008
293.0, 170.60576936269044, 1600.0, 1302.625, 74.65518124532565
294.0, 172.5995902332765, 1600.0, 1085.875, 62.25697409597911
295.0, 178.74123087252386, 1600.0, 1403.3125, 62.423217291887816
296.0, 156.00772254106457, 1600.0, 1041.96875, 61.516249184228265
297.0, 170.45432713688598, 1600.0, 1163.09375, 63.74340859348934
298.0, 25.028805483892576, 414.0, 1251.125, 62.4592425480063
299.0, 96.26121553363258, 1186.0, 1315.0, 74.27262679191405
300.0, 181.67526453197908, 1600.0, 1324.40625, 61.73170233058707
301.0, 167.2604939239659, 1600.0, 1420.3125, 68.20783217126544
302.0, 174.84425620096235, 1600.0, 1078.3125, 78.04855101739113
303.0, 145.30054795345157, 1600.0, 1331.4375, 70.04958991613539
304.0, 66.94242119240991, 729.0, 1251.5625, 74.6389370470181
305.0, 179.0875297673044, 1600.0, 1409.125, 42.72027435789609
306.0, 173.47053854598656, 1600.0, 1263.4375, 83.9823130907627
307.0, 167.75045645333586, 1600.0, 1236.5625, 73.71701032788636
308.0, 164.88847432912016, 1600.0, 1216.5, 68.7802725566059
309.0, 166.56408964099595, 1600.0, 1488.9375, 60.33739881120638
310.0, 161.9687418469246, 1600.0, 1147.3125, 63.76893902519984
311.0, 165.34975914825426, 1600.0, 1382.625, 47.72338684809197
312.0, 168.62610924581824, 1600.0, 1304.84375, 63.972356796547466
313.0, 175.02818385373445, 1600.0, 1229.6875, 68.0234746119526
314.0, 171.3702620675875, 1600.0, 1278.65625, 58.48560741976693
315.0, 168.5662123270298, 1600.0, 1133.75, 63.169638982342434
316.0, 161.85262768086832, 1600.0, 1232.375, 65.43499936290137
317.0, 172.01755568600214, 1600.0, 1189.28125, 66.25542009926806
318.0, 171.322122500068, 1600.0, 1054.5625, 68.29306209548427
319.0, 177.72787155410964, 1600.0, 1221.1875, 60.95565860412867
320.0, 147.79981274883016, 1557.0, 1237.65625, 77.54182209839581
321.0, 124.61493324327748, 1288.0, 1002.03125, 58.15629263256233
322.0, 166.1882444792033, 1600.0, 1227.625, 65.9605314582362
323.0, 170.3962417624163, 1600.0, 1269.34375, 88.73001387007349
324.0, 168.20692101390736, 1600.0, 1291.1875, 79.7892173718574
325.0, 162.8062208326087, 1600.0, 1158.125, 69.84741936291897
326.0, 164.7188984639968, 1600.0, 1290.8125, 59.2899548331614
327.0, 159.89736834919518, 1600.0, 1359.59375, 63.21318029456467
328.0, 169.07624265601868, 1600.0, 1260.40625, 60.1248605974751
329.0, 170.5571147293355, 1600.0, 1290.90625, 55.633903855576634
330.0, 103.47398504877181, 877.0, 1314.21875, 55.555841150826794
331.0, 172.60169345235695, 1600.0, 1379.1875, 45.13506591025291
332.0, 171.18565418482436, 1600.0, 1462.375, 75.54662968356511
333.0, 161.21519706605142, 1600.0, 1260.40625, 72.49360728623276
334.0, 159.0599044601689, 1600.0, 1293.65625, 53.13485052842505
335.0, 159.53485135902707, 1600.0, 1323.65625, 47.42113928782109
336.0, 117.55386067373352, 1395.0, 1373.5625, 54.19796970528326
337.0, 152.90003838420168, 1600.0, 1398.96875, 50.09005110666134
338.0, 143.77935752059258, 1600.0, 1323.8125, 45.313385953740514
339.0, 158.86120203637583, 1600.0, 1298.46875, 57.37730168542554
340.0, 154.32562163992557, 1600.0, 1422.90625, 57.07060919502265
341.0, 151.94001596224336, 1600.0, 1305.46875, 50.60393316156999
342.0, 161.7531613975329, 1600.0, 1376.125, 39.1276038877174
343.0, 158.35518116123995, 1600.0, 1345.46875, 52.72802133087716
344.0, 167.09300643793728, 1600.0, 1327.96875, 53.91878243629435
345.0, 157.0295361693965, 1600.0, 1367.59375, 50.33984592659585
346.0, 166.01816462317686, 1600.0, 1245.6875, 58.28380609349426
347.0, 163.0488611332974, 1600.0, 1204.03125, 58.87113465044742
348.0, 164.80500188232978, 1600.0, 1352.3125, 52.053916908242996
349.0, 158.23959646257265, 1600.0, 1205.59375, 58.61485534372719
350.0, 28.912571413512676, 450.0, 1189.34375, 61.61865281648148
351.0, 158.1914470291708, 1600.0, 1314.8125, 50.87608412337997
352.0, 165.0254251058979, 1600.0, 1429.4375, 44.32453881141013
353.0, 155.47808051771776, 1600.0, 1323.125, 49.51016103425047
354.0, 154.31678172719182, 1600.0, 1233.53125, 53.653279070983544
355.0, 35.604822119869, 568.0, 1180.78125, 56.94675161537638
356.0, 160.90937786970287, 1600.0, 1363.9375, 43.65519035418987
357.0, 160.76503353073053, 1600.0, 1294.90625, 53.113236544060804
358.0, 153.54855921288737, 1600.0, 1331.5, 50.12077206025703
359.0, 165.33169626844136, 1600.0, 1412.25, 57.16418684424007
360.0, 159.98418536118956, 1600.0, 1236.65625, 56.84316635820777
361.0, 159.47737380289453, 1600.0, 1266.53125, 59.50895770511355
362.0, 167.8514696959242, 1600.0, 1453.15625, 44.871598711168474
363.0, 166.9707886074674, 1600.0, 1264.5625, 44.74310326226484
364.0, 153.2376034801245, 1600.0, 1125.8125, 64.74945707419097
365.0, 47.000252712858305, 819.0, 1286.21875, 60.0834329985491
366.0, 152.44953689940968, 1600.0, 1229.8125, 69.43492990562203
367.0, 163.43754413906106, 1600.0, 1297.8125, 50.29520650989323
368.0, 146.00338665935897, 1600.0, 1370.625, 50.29101717068758
369.0, 69.97080361900558, 947.0, 1342.5, 48.7091923405921
370.0, 152.91635119162956, 1600.0, 1409.75, 38.249206919494604
371.0, 148.16741825774034, 1600.0, 1340.0625, 47.447514279702254
372.0, 151.0033876462517, 1600.0, 1246.875, 55.38813652568485
373.0, 153.24926081687946, 1600.0, 1335.59375, 67.42274965384149
374.0, 147.46391094280435, 1600.0, 1339.84375, 49.503858335567934
375.0, 150.31613612738886, 1600.0, 1501.59375, 57.49051095589506
376.0, 160.53329049483554, 1600.0, 1276.78125, 56.14990031692179
377.0, 164.37793201357692, 1591.0, 1278.71875, 48.996755156732455
378.0, 150.25709879830407, 1600.0, 1278.21875, 64.1252927562041
379.0, 149.35238227433445, 1600.0, 1351.0, 62.67778492005289
380.0, 153.79437670823873, 1600.0, 1374.0, 59.272629620831275
381.0, 152.40283826321593, 1600.0, 1234.15625, 60.57940454758919
382.0, 148.85426261233877, 1600.0, 1292.46875, 60.807420409697855
383.0, 152.08949381831684, 1600.0, 1260.03125, 51.70102672393634
384.0, 144.4120082468402, 1600.0, 1240.21875, 54.610036462383086
385.0, 135.05508932617502, 1600.0, 1412.59375, 54.69292786996668
386.0, 105.31022826889681, 1054.0, 1318.375, 51.70854223003681
387.0, 138.96603107982534, 1600.0, 1251.625, 58.992193836645384
388.0, 94.20454922382777, 1224.0, 1484.15625, 49.84227796726405
389.0, 134.8422497147622, 1600.0, 1186.09375, 55.41073826521607
390.0, 147.4185701066092, 1600.0, 1273.71875, 54.0475403812512
391.0, 144.67798429800285, 1600.0, 1445.21875, 38.60640750181072
392.0, 94.5272618521921, 1214.0, 1281.78125, 52.5239839247232
393.0, 150.67665501093836, 1600.0, 1330.46875, 44.81835214812451
394.0, 154.31633422514753, 1600.0, 1198.0625, 66.29701427097832
395.0, 160.89795118165563, 1600.0, 1385.96875, 52.42824980919409
396.0, 160.2268030293743, 1600.0, 1178.9375, 65.26615042270556
397.0, 169.19594157832444, 1600.0, 1510.4375, 37.136148650969886
398.0, 40.60631397644292, 573.0, 1352.71875, 42.268240556476584
399.0, 155.27874005651404, 1600.0, 1161.15625, 49.78559201965315
400.0, 153.9361763734057, 1600.0, 1365.65625, 49.858571472347265
401.0, 155.569200015201, 1600.0, 1297.59375, 53.701135217180145
402.0, 159.68841452675463, 1600.0, 1206.71875, 61.336097722723686
403.0, 156.217810166959, 1600.0, 1300.09375, 52.03136131925198
404.0, 140.48503045607728, 1543.0, 1308.03125, 61.804978572803044
405.0, 158.18065423565525, 1600.0, 1430.84375, 53.984006662451854
406.0, 160.31412950621888, 1600.0, 1175.25, 50.058565118005596
407.0, 172.2023398109025, 1600.0, 1361.34375, 49.07775682661115
408.0, 163.35448493968116, 1600.0, 1259.1875, 67.26346761104061
409.0, 146.85176285395127, 1600.0, 1237.21875, 62.464183786433026
410.0, 139.01882870714644, 1600.0, 1205.96875, 50.92827317747555
411.0, 159.0243941312058, 1600.0, 1427.03125, 47.33389317971747
412.0, 151.66489156358057, 1600.0, 1393.5, 41.73592234598219
413.0, 162.17183252488803, 1600.0, 1338.28125, 49.52936443708056
414.0, 156.71130636602146, 1600.0, 1246.59375, 56.94523159249042
415.0, 167.00334379392598, 1600.0, 1415.65625, 78.15328576468154
416.0, 168.39253624158195, 1600.0, 1054.875, 67.4007612125734
417.0, 32.05638488427928, 558.0, 1145.0, 69.16711523337202
418.0, 167.57098722412516, 1600.0, 1308.90625, 48.616992043113385
419.0, 161.4392030009395, 1600.0, 1197.46875, 62.65754736160296
420.0, 165.20512494162296, 1503.0, 1407.59375, 46.64762636222764
421.0, 170.54032038775287, 1600.0, 1297.6875, 56.80900224054777
422.0, 177.3452383719162, 1600.0, 1444.53125, 47.146837466853555
423.0, 178.4820603322005, 1600.0, 1341.59375, 58.80529941813894
424.0, 172.8225628640516, 1600.0, 1220.875, 52.855662774216405
425.0, 169.97692219106713, 1600.0, 1349.5, 61.36779817326701
426.0, 175.1183125008764, 1600.0, 1189.25, 61.32253121591372
427.0, 60.504249554410166, 887.0, 1143.28125, 61.483244972270434
428.0, 172.37397145272652, 1600.0, 1204.125, 59.65818840031238
429.0, 169.7818721862905, 1600.0, 1246.5, 52.827712641582245
430.0, 142.60935557672448, 1196.0, 1285.53125, 52.71106310658605
431.0, 171.18643067785393, 1600.0, 1278.59375, 52.38680932419956
432.0, 173.16036388351225, 1600.0, 1297.40625, 51.140132502395865
433.0, 121.91137576285038, 1030.0, 1272.21875, 47.368724203643154
434.0, 164.738785352996, 1600.0, 1107.4375, 61.234031163454716
435.0, 182.06000174079918, 1600.0, 1246.40625, 59.36471968343384
436.0, 179.04811061556825, 1600.0, 1300.78125, 58.52555047198761
437.0, 164.2441235850395, 1600.0, 1246.65625, 56.52615906121076
438.0, 161.4617367211636, 1600.0, 1331.9375, 48.32259542727768
439.0, 174.2443217291138, 1600.0, 1403.90625, 53.647890969944065
440.0, 170.79301681340647, 1600.0, 1320.375, 61.041739252512365
441.0, 179.06321346729288, 1600.0, 1415.65625, 48.945136858609615
442.0, 173.5233788454972, 1600.0, 1345.71875, 49.23749201761358
443.0, 180.75912079984727, 1600.0, 1456.90625, 58.82529842151822
444.0, 175.15423420048174, 1600.0, 1384.625, 39.47436143195986
445.0, 156.8587993998019, 1600.0, 1226.875, 57.672453065119825
446.0, 172.11799646149717, 1600.0, 1357.59375, 60.3488568096246
447.0, 106.9685866319247, 1203.0, 1356.03125, 45.11621477569673
448.0, 182.54204813130502, 1600.0, 1397.0, 68.0634152123628
449.0, 191.94608744437895, 1600.0, 1495.78125, 54.561127802924155
450.0, 188.3349635243052, 1600.0, 1272.71875, 101.77151943190081
451.0, 169.77833585667213, 1600.0, 1260.28125, 56.94774169222078
452.0, 176.37731746678915, 1600.0, 1530.1875, 69.7174146812422
453.0, 181.3703948599159, 1600.0, 1386.625, 70.29494656233732
454.0, 172.9144981932036, 1600.0, 1326.9375, 67.17256007856464
455.0, 167.49260165981212, 1600.0, 1399.09375, 66.61519827082651
456.0, 188.7841067979493, 1600.0, 1459.46875, 64.21761577484293
457.0, 44.002240652831546, 275.0, 1416.5, 63.953583659904616
458.0, 196.91157983660258, 1600.0, 1356.84375, 54.83901137384726
459.0, 208.80704681562744, 1600.0, 1262.96875, 62.90715064508592
460.0, 142.3302567801441, 1427.0, 1047.6875, 65.4722601067345
461.0, 189.78466037939774, 1600.0, 1264.71875, 58.74093941849779
462.0, 191.97021847886657, 1600.0, 1455.53125, 40.65082471999395
463.0, 187.7365271227138, 1600.0, 1271.125, 71.84531536596897
464.0, 198.6042937198951, 1600.0, 1358.40625, 59.08926640760839
465.0, 206.60008193928985, 1600.0, 1346.46875, 59.40695362817606
466.0, 189.1336396239962, 1600.0, 1100.0, 73.12159298733859
467.0, 63.49411548766217, 923.0, 1021.03125, 70.46681839775707
468.0, 112.95607297335003, 1600.0, 1428.71875, 57.92504290480249
469.0, 177.46559346149553, 1600.0, 1427.71875, 47.26914708593141
470.0, 182.02159270032826, 1600.0, 1467.34375, 84.19778922080182
471.0, 197.14942647256214, 1600.0, 1395.875, 62.89487264839226
472.0, 178.374691116207, 1600.0, 1371.21875, 72.68296342219642
473.0, 197.9169215164437, 1600.0, 1420.59375, 71.16308896053964
474.0, 195.09926316163185, 1600.0, 1247.15625, 80.52998914530112
475.0, 189.79319971091002, 1600.0, 1332.34375, 88.97934658731202
476.0, 184.6277736029564, 1600.0, 1202.9375, 77.90049850630982
477.0, 83.99959136089136, 1291.0, 1516.28125, 64.52541140459654
478.0, 184.2814782022584, 1600.0, 1266.03125, 77.79815909851793
479.0, 187.65913090317395, 1600.0, 1258.75, 91.34956094068723
480.0, 181.18780767419716, 1600.0, 1220.78125, 66.00771157744254
481.0, 177.03412980181253, 1600.0, 1305.25, 64.56918987557202
482.0, 174.24554169060818, 1600.0, 1346.875, 56.57525104637502
483.0, 88.22522910657143, 1600.0, 1313.0625, 81.71480971390774
484.0, 172.4153876941849, 1600.0, 1390.75, 58.04194210281629
485.0, 176.96132278088874, 1600.0, 1372.3125, 66.51496089776661
486.0, 196.93678652954534, 1600.0, 1428.5625, 49.87366000334659
487.0, 191.3552552013076, 1600.0, 1387.53125, 52.69676221686827
488.0, 191.00232285056302, 1600.0, 1277.28125, 63.30366140055527
489.0, 173.50128249064025, 1600.0, 1325.78125, 60.34889131729548
490.0, 171.9753559110204, 1600.0, 1454.71875, 51.82629728851497
491.0, 187.3105125092643, 1600.0, 1410.5625, 56.866379351733684
492.0, 181.06671797930002, 1600.0, 1333.34375, 91.88623063611936
493.0, 193.016525910275, 1600.0, 1494.59375, 72.16265728723259
494.0, 183.10579393270217, 1600.0, 1208.09375, 64.24810569722489
495.0, 165.4511477528961, 1600.0, 1316.53125, 65.19297998800417
496.0, 177.49591456403382, 1600.0, 1504.25, 44.50759142119313
497.0, 171.13238717546685, 1600.0, 1446.375, 48.11433935353734
498.0, 191.9653147400911, 1600.0, 1417.8125, 40.48179568668238
499.0, 184.69082465312502, 1600.0, 1504.5, 53.548038683334816
500.0, 190.5712880702978, 1600.0, 1437.6875, 68.02482707748308
501.0, 178.63064102392133, 1600.0, 1270.5625, 62.665271434452606
502.0, 187.99482925461967, 1600.0, 1493.65625, 67.87850401112328
503.0, 188.12745491377427, 1600.0, 1355.6875, 52.18872142221591
504.0, 173.31962070355053, 1600.0, 1357.3125, 51.574031872307565
505.0, 195.69347288969766, 1600.0, 1489.3125, 55.930673835667186
506.0, 185.1249948973994, 1600.0, 1302.46875, 64.25557569340633
507.0, 105.63684825838331, 825.0, 1342.625, 61.22732253491455
508.0, 177.0604902126474, 1537.0, 1363.53125, 64.9567125510195
509.0, 190.15014907929398, 1600.0, 1426.65625, 44.67838037204423
510.0, 181.89255282973681, 1600.0, 1341.9375, 49.292541395209014
511.0, 177.9666761220641, 1600.0, 1336.25, 68.55496862479232
512.0, 186.56448939460836, 1600.0, 1350.6875, 48.97880570743695
513.0, 193.0146587297579, 1600.0, 1488.46875, 63.02266708378028
514.0, 178.9103177341971, 1600.0, 1307.34375, 52.02456946180049
515.0, 186.0801587770689, 1600.0, 1456.53125, 53.37357747584067
516.0, 199.43457577322496, 1600.0, 1408.59375, 53.959816583751106
517.0, 201.52585493849293, 1600.0, 1263.15625, 60.961775502740664
518.0, 190.21308498275852, 1600.0, 1205.875, 101.96750593304458
519.0, 196.15572472903597, 1600.0, 1429.78125, 50.530591763727344
520.0, 192.98718326038698, 1600.0, 1354.1875, 74.01245254749169
521.0, 185.84055267238887, 1600.0, 1401.34375, 71.45065553036505
522.0, 198.40536711008588, 1600.0, 1449.71875, 50.735496247643326
523.0, 183.67869759400628, 1600.0, 1338.3125, 66.24723871055964
524.0, 183.1030515209091, 1600.0, 1295.78125, 61.45961087251105
525.0, 192.36665536843952, 1600.0, 1476.34375, 57.96373277255172
526.0, 190.9172423579488, 1600.0, 1411.5, 61.620712289007436
527.0, 190.32800222257916, 1600.0, 1401.75, 76.46422368489068
528.0, 184.84735427605278, 1600.0, 1385.25, 71.58553186507413
529.0, 194.2019869138015, 1600.0, 1509.96875, 51.02798672876035
530.0, 200.47896997598664, 1600.0, 1442.9375, 50.579230582301015
531.0, 188.38638161901773, 1600.0, 1337.40625, 64.14078011989332
532.0, 190.05098166360025, 1600.0, 1455.28125, 55.996032009987935
533.0, 198.72986266558834, 1600.0, 1447.9375, 56.70228483748282
534.0, 203.7072155770248, 1600.0, 1404.03125, 80.92861066255884
535.0, 194.82603998340588, 1600.0, 1407.4375, 63.965792879342594
536.0, 183.62377685724414, 1600.0, 1377.75, 61.12411743425706
537.0, 180.73881073818788, 1600.0, 1419.125, 76.94491494174659
538.0, 191.15014948717277, 1600.0, 1417.34375, 54.166841275346144
539.0, 181.3571971752543, 1600.0, 1373.0, 59.99316398566535
540.0, 175.38429879544557, 1600.0, 1431.4375, 67.96761096877974
541.0, 178.1768030309845, 1600.0, 1532.03125, 65.31648169706737
542.0, 187.3186097765005, 1600.0, 1469.375, 44.2850710384566
543.0, 193.7833257787258, 1600.0, 1502.5, 56.35385913040079
544.0, 194.88100257126408, 1600.0, 1356.4375, 74.69214729908767
545.0, 201.95007850778168, 1600.0, 1364.25, 67.05097698904851
546.0, 197.2474326807451, 1600.0, 1369.5625, 73.13660702476942
547.0, 193.86765955487996, 1600.0, 1222.28125, 75.54906653850654
548.0, 203.95661147010404, 1600.0, 1433.3125, 73.83773867090181
549.0, 210.85039804208, 1600.0, 1366.40625, 57.232957178607776
550.0, 205.56265603124555, 1600.0, 1323.28125, 81.4756659310551
551.0, 190.08673476820033, 1600.0, 1388.28125, 55.07491278724752
552.0, 208.80126935940723, 1600.0, 1504.96875, 42.48873518115227
553.0, 196.89766040885533, 1600.0, 1370.46875, 64.17115996066518
554.0, 193.3934616608327, 1600.0, 1300.09375, 62.41574204241463
555.0, 186.63118132536175, 1600.0, 1289.0625, 66.63161406147663
556.0, 196.72895011352452, 1600.0, 1465.625, 51.924513510106664
557.0, 191.38296242910351, 1600.0, 1259.1875, 77.00630952169409
558.0, 191.39809970191973, 1600.0, 1453.5, 67.64954210552261
559.0, 163.30754324453258, 1291.0, 1510.0, 67.29262097770166
560.0, 190.4077609022702, 1600.0, 1398.4375, 57.6339281148042
561.0, 204.60913891767242, 1600.0, 1521.5, 41.64434019972219
562.0, 186.32428976365276, 1600.0, 1180.625, 73.65900413955151
563.0, 187.70393925456537, 1600.0, 1381.90625, 50.23977144271028
564.0, 188.31163516254097, 1600.0, 1454.5625, 81.3791470141635
565.0, 187.0727784617875, 1600.0, 1230.625, 64.24921410998783
566.0, 191.74952139996253, 1600.0, 1382.625, 62.060768480373405
567.0, 189.9732440307592, 1600.0, 1430.78125, 46.32746708236272
568.0, 48.902065175607476, 497.0, 1429.84375, 48.302186112533406
569.0, 120.87927113398649, 931.0, 1484.25, 71.22828712149796
570.0, 195.36491961937534, 1600.0, 1382.125, 52.69800415699462
571.0, 198.5940193093944, 1600.0, 1395.4375, 55.14614903507239
572.0, 190.79973905057102, 1600.0, 1383.84375, 65.75687332778557
573.0, 179.9679789662408, 1600.0, 1330.5, 69.32443093807943
574.0, 199.76017383668218, 1600.0, 1473.28125, 59.87538092841873
575.0, 203.49922497474557, 1600.0, 1381.375, 51.31336681334227
576.0, 207.1115113060966, 1600.0, 1264.09375, 70.7126548808899
577.0, 202.35007879515263, 1600.0, 1245.15625, 58.10737532336228
578.0, 193.71352379440503, 1600.0, 1142.28125, 74.04402524852664
579.0, 202.604350440488, 1600.0, 1435.8125, 78.69089528557139
580.0, 208.0509582119205, 1600.0, 1441.75, 50.565887165033516
581.0, 200.48694521304944, 1600.0, 1336.875, 64.68326639985999
582.0, 204.0658969794778, 1600.0, 1524.84375, 31.365614952928734
583.0, 210.08909208160125, 1600.0, 1281.125, 98.53949910334256
584.0, 54.87960036090745, 729.0, 1177.28125, 74.34640149977913
585.0, 208.15387026305945, 1600.0, 1356.03125, 62.49240454770213
586.0, 203.0538402614839, 1600.0, 1547.9375, 65.58883161965605
587.0, 199.77090349775239, 1600.0, 1444.6875, 54.35331272926555
588.0, 211.00647310451575, 1600.0, 1319.9375, 62.3920363562443
589.0, 197.4680168267412, 1600.0, 1399.5625, 78.80316814375647
590.0, 201.20113335554828, 1600.0, 1358.375, 57.021680798144054
591.0, 205.4526062287935, 1600.0, 1344.46875, 56.156384883229634
592.0, 72.3216669649172, 907.0, 1442.3125, 60.67897417307009
593.0, 196.09941144805512, 1600.0, 1432.0, 47.71904553183684
594.0, 64.67509107559592, 553.0, 1336.125, 60.696239043556616
595.0, 210.35372951233273, 1600.0, 1488.125, 50.49891074395706
596.0, 218.44682240006517, 1600.0, 1421.875, 65.2112253363964
597.0, 209.24249757694005, 1600.0, 1412.625, 52.52485149670055
598.0, 208.4559949954334, 1600.0, 1258.0625, 69.19777840294852
599.0, 194.4331145219544, 1600.0, 1276.40625, 65.57665049997222
600.0, 199.60589416018587, 1600.0, 1383.46875, 56.484466086516605
601.0, 193.60220943344373, 1600.0, 1215.59375, 59.579815216338105
602.0, 205.27509675206852, 1600.0, 1549.53125, 32.23640976853599
603.0, 210.75525083647784, 1600.0, 1432.875, 56.93670290806983
604.0, 216.91236093807487, 1600.0, 1395.71875, 60.254472027709916
605.0, 200.42098250470121, 1600.0, 1372.84375, 54.75822437588317
606.0, 198.44430315992278, 1600.0, 1416.96875, 74.52659042728438
607.0, 196.9385658360452, 1600.0, 1377.90625, 63.000006035291776
608.0, 211.170374996769, 1600.0, 1489.90625, 51.281920795920804
609.0, 212.33177642608422, 1600.0, 1346.5625, 85.54666432137483
610.0, 211.73953460382126, 1600.0, 1327.9375, 71.66343783150738
611.0, 212.5119664142822, 1600.0, 1365.75, 85.48911335582441
612.0, 204.82059850079605, 1600.0, 1339.46875, 62.32299071223617
613.0, 226.02751367441175, 1600.0, 1527.90625, 46.235359208844955
614.0, 223.6287844727971, 1600.0, 1466.53125, 59.36175550806459
615.0, 213.07423963339951, 1600.0, 1406.78125, 57.719912124032874
616.0, 220.2420811333488, 1600.0, 1440.625, 79.77112049619402
617.0, 106.55275744374794, 1600.0, 1491.84375, 44.066830226644214
618.0, 207.48430704511122, 1600.0, 1335.125, 79.00519489793274
619.0, 209.5185176489905, 1600.0, 1469.46875, 54.2922416575332
620.0, 214.3277787098986, 1600.0, 1441.25, 56.83643719647252
621.0, 229.08729779033482, 1600.0, 1433.09375, 56.57479916975326
622.0, 215.67922164293986, 1600.0, 1422.65625, 56.819999353793285
623.0, 217.41843805045363, 1600.0, 1314.5, 63.40158166696156
624.0, 185.8453496481778, 1600.0, 1352.9375, 83.86385278601745
625.0, 207.09111199964897, 1600.0, 1575.15625, 54.339433402981356
626.0, 218.04577551892538, 1600.0, 1464.28125, 59.079957471139224
627.0, 211.85627128042253, 1600.0, 1410.34375, 49.67404806541055
628.0, 213.66484876040175, 1600.0, 1544.09375, 58.78468559089306
629.0, 225.78456755534563, 1600.0, 1460.875, 88.16642455199651
630.0, 32.97585931176416, 1600.0, 1239.59375, 67.32812939723745
631.0, 75.32120531814093, 1600.0, 1555.5625, 30.011130720654293
632.0, 203.67810369916626, 1600.0, 1322.09375, 75.77905470616135
633.0, 207.6188165019626, 1600.0, 1448.34375, 74.25568385361711
634.0, 216.80299760501558, 1600.0, 1495.375, 86.43248577985017
635.0, 197.77384343825668, 1600.0, 1414.59375, 66.02151647714656
636.0, 224.31819467690306, 1600.0, 1441.5, 72.28859043575622
637.0, 233.20248589398258, 1600.0, 1407.625, 82.32777714209116
638.0, 74.20404800747245, 511.0, 1418.84375, 68.79514379067872
639.0, 17.62130548017116, 570.0, 1354.96875, 84.02099478590692
640.0, 217.9522804112851, 1600.0, 1286.21875, 75.66427088801338
641.0, 223.7637536369144, 1600.0, 1492.65625, 45.95163833579326
642.0, 219.3877817573509, 1600.0, 1258.78125, 75.11889396945458
643.0, 207.62358741252422, 1600.0, 1318.75, 77.26652580403355
644.0, 224.2522468253518, 1600.0, 1499.21875, 52.521296436585544
645.0, 218.9838080632059, 1600.0, 1529.21875, 82.89126862233483
646.0, 225.8721709833453, 1600.0, 1507.71875, 45.947605168124056
647.0, 219.09522313990033, 1600.0, 1447.0, 53.546642807585144
648.0, 219.15283971072623, 1600.0, 1245.15625, 64.02639095569668
649.0, 183.24243635860572, 1600.0, 1406.9375, 68.07650850865055
650.0, 214.62310203882242, 1600.0, 1446.53125, 64.91748168981702
651.0, 216.94517408222762, 1600.0, 1488.90625, 70.1890805980107
652.0, 218.20039649104595, 1600.0, 1531.65625, 42.85923986355803
653.0, 231.99073033629801, 1600.0, 1576.5625, 22.863153732199113
654.0, 221.00515176484362, 1600.0, 1380.9375, 64.47251190714144
655.0, 223.4066136757671, 1600.0, 1318.875, 79.7729474291044
656.0, 219.7686182607143, 1600.0, 1471.25, 48.4501100298805
657.0, 228.1843862660376, 1600.0, 1548.0625, 51.36400576861329
658.0, 202.03310224787177, 1600.0, 1427.25, 54.33144386510095
659.0, 221.4454232290711, 1600.0, 1470.78125, 50.25817294991187
660.0, 27.92908047387155, 617.0, 1352.6875, 91.47012078781373
661.0, 211.56873489700737, 1600.0, 1518.5625, 44.179570092014714
662.0, 225.79091202295052, 1600.0, 1498.0625, 50.5773573662341
663.0, 235.6846545481955, 1600.0, 1338.8125, 75.56628800471215
664.0, 220.3132570160865, 1600.0, 1423.25, 88.20647561196886
665.0, 222.88832629835207, 1600.0, 1493.78125, 46.444124005735375
666.0, 223.6121636393822, 1600.0, 1462.75, 80.69668896466943
667.0, 213.69885449619912, 1600.0, 1260.28125, 71.78687817954375
668.0, 209.38884203326955, 1600.0, 1424.4375, 64.48174908722609
669.0, 222.08052579725464, 1600.0, 1433.34375, 57.1748553449723
670.0, 35.20168493891169, 570.0, 1356.5625, 63.25219580256472
671.0, 223.8156698374403, 1600.0, 1481.0, 55.778758773881414
672.0, 215.28330992059915, 1600.0, 1408.4375, 55.54935295246224
673.0, 216.2157958214838, 1600.0, 1352.0625, 74.95414043170445
674.0, 237.7894887315324, 1600.0, 1521.59375, 43.18685329749303
675.0, 222.32127290755432, 1600.0, 1279.96875, 77.90372364200945
676.0, 225.89345658735434, 1600.0, 1374.0, 67.6933797410753
677.0, 223.3349108923535, 1600.0, 1419.5625, 63.32502816659899
678.0, 228.15176456178625, 1600.0, 1409.9375, 61.05214582762175
679.0, 49.36010138122854, 685.0, 1286.0625, 90.51962713028163
680.0, 112.00182896924423, 1162.0, 1405.3125, 70.63080771605408
681.0, 226.28427282010313, 1600.0, 1220.3125, 93.13676992932375
682.0, 220.3830680179646, 1600.0, 1392.59375, 90.28675363605879
683.0, 212.61161040222598, 1600.0, 1403.03125, 105.85419138155798
684.0, 215.4202527098971, 1600.0, 1454.125, 80.96350694152258
685.0, 217.5569362183082, 1600.0, 1512.40625, 46.61644118006614
686.0, 221.52170435038354, 1600.0, 1365.53125, 77.12406045862562
687.0, 214.0026422107596, 1600.0, 1282.875, 87.510946971555
688.0, 223.8923545337417, 1600.0, 1382.40625, 73.26543263587898
689.0, 209.33248768851874, 1600.0, 1368.84375, 93.45762378365411
690.0, 101.32973895906862, 735.0, 1427.15625, 64.80795546277642
691.0, 235.72325463735842, 1600.0, 1408.0625, 84.72089664363179
692.0, 223.58039718618951, 1600.0, 1445.125, 79.08275544095522
693.0, 230.56582160747413, 1600.0, 1389.65625, 66.96226897706187
694.0, 223.15223094721452, 1600.0, 1237.0, 73.94717901748274
695.0, 218.39898670986463, 1600.0, 1324.96875, 69.76565108047485
696.0, 210.52957617076441, 1600.0, 1274.90625, 79.43833049998432
697.0, 226.37913206501577, 1600.0, 1393.5, 86.29365081201958
698.0, 61.06963624286354, 828.0, 1468.75, 47.17936849662222
699.0, 221.41138569303038, 1600.0, 1463.5, 77.28964906119614
700.0, 221.58818595414078, 1600.0, 1422.40625, 58.21418555512939
701.0, 222.83548321118172, 1600.0, 1216.4375, 105.88311445976314
702.0, 228.65117917811273, 1600.0, 1477.09375, 54.88690128973826
703.0, 224.44818788761896, 1600.0, 1418.0625, 57.3880288909818
704.0, 178.88489276693363, 1518.0, 1452.875, 82.86898422435543
705.0, 228.84338780307345, 1600.0, 1424.78125, 77.52905301112698
706.0, 215.5016789827717, 1600.0, 1250.03125, 66.11154313570574
707.0, 155.03974311034273, 1555.0, 1451.15625, 89.56195704029714
708.0, 215.27005470931053, 1600.0, 1397.21875, 70.23090048151006
709.0, 214.1070158557413, 1600.0, 1405.59375, 62.37107609162594
710.0, 218.00670973297667, 1600.0, 1475.0625, 67.7078981148462
711.0, 228.04206870512104, 1600.0, 1499.78125, 41.58393798430506
712.0, 220.51976466847594, 1600.0, 1523.875, 60.87542862471337
713.0, 210.58874655287312, 1600.0, 1445.09375, 51.790129546199815
714.0, 160.94097748967593, 1567.0, 1432.40625, 78.94132058504111
715.0, 216.1716100929423, 1600.0, 1225.875, 78.22059808555998
716.0, 226.47104508478947, 1600.0, 1411.1875, 55.44102694629483
717.0, 216.89768842654382, 1600.0, 1420.46875, 60.55811439608291
718.0, 243.67267346964098, 1600.0, 1516.5, 44.98669393585077
719.0, 223.67890405264578, 1600.0, 1298.28125, 73.08185326549872
720.0, 209.6737443982844, 1600.0, 1241.25, 74.70366364207332
721.0, 127.11119271391732, 1226.0, 1424.71875, 66.78274853162891
722.0, 238.4700030132771, 1600.0, 1593.125, 23.28448856543589
723.0, 222.0479822789248, 1600.0, 1280.25, 69.48946150050135
724.0, 212.19083621491623, 1600.0, 1421.0625, 61.16359727832149
725.0, 99.45317155793538, 977.0, 1379.84375, 59.7958953328981
726.0, 217.42023667810884, 1600.0, 1404.125, 57.969898696075475
727.0, 216.27563233154189, 1600.0, 1367.875, 67.912506303301
728.0, 217.2034124547941, 1600.0, 1484.15625, 47.96404689121277
729.0, 221.75302895499692, 1600.0, 1420.34375, 77.71102040675358
730.0, 223.8538914777699, 1600.0, 1444.5625, 51.25368470957307
731.0, 209.2264011056931, 1600.0, 1500.78125, 57.907397292067
732.0, 207.96591317572188, 1600.0, 1306.46875, 64.49879706347966
733.0, 219.95426714385587, 1600.0, 1376.53125, 71.364822385864
734.0, 209.30746032796114, 1600.0, 1392.25, 59.44864432417956
735.0, 214.04247291955292, 1600.0, 1478.40625, 73.80012895023965
736.0, 220.0264011215565, 1600.0, 1441.875, 53.97116293559327
737.0, 229.01721200919852, 1600.0, 1467.59375, 43.61213820225162
738.0, 218.52302257968475, 1600.0, 1175.71875, 72.07799652503299
739.0, 223.6276887600695, 1600.0, 1441.6875, 71.96456803084477
740.0, 228.54698808923752, 1600.0, 1264.1875, 82.19648597711809
741.0, 220.78434921595192, 1600.0, 1288.28125, 67.1349671624161
742.0, 227.05916587566682, 1600.0, 1466.1875, 40.45636186970969
743.0, 225.7389581777592, 1600.0, 1408.125, 62.684424190201916
744.0, 229.1432322596964, 1600.0, 1426.40625, 75.44850932353992
745.0, 225.50425789815276, 1600.0, 1436.09375, 56.81113103333896
746.0, 218.48563269494062, 1600.0, 1347.15625, 68.69587182369385
747.0, 224.5408420400387, 1600.0, 1517.34375, 37.53190537294676
748.0, 223.4252770785914, 1600.0, 1497.0625, 55.95946759925551
749.0, 217.28696503083594, 1600.0, 1448.59375, 48.12748874292368
750.0, 218.83505042853398, 1600.0, 1434.90625, 55.573542003833545
751.0, 218.08759976660235, 1600.0, 1348.5625, 64.44122464401732
752.0, 226.481658826608, 1600.0, 1456.5, 57.06240281815124
753.0, 203.78731192499515, 1600.0, 1495.375, 48.937196315349624
754.0, 225.49641241717114, 1600.0, 1551.71875, 32.529267459536634
755.0, 225.76721124241396, 1600.0, 1301.5625, 73.19768132457611
756.0, 228.32700154172943, 1600.0, 1524.75, 55.11634984641953
757.0, 222.63609427568275, 1600.0, 1322.875, 63.18748291415416
758.0, 224.4658136035223, 1600.0, 1331.0, 67.28771304382146
759.0, 219.19436019178326, 1600.0, 1485.09375, 49.856282924478556
760.0, 222.80919182132905, 1600.0, 1543.84375, 35.209490585618646
761.0, 222.53124906155503, 1600.0, 1463.625, 59.63850767641285
762.0, 227.81552435703372, 1600.0, 1517.3125, 45.0434623929752
763.0, 229.5219146889493, 1600.0, 1471.40625, 51.91217110163806
764.0, 231.95279283649234, 1600.0, 1554.5, 38.09388631726727
765.0, 238.8674228593667, 1600.0, 1470.65625, 51.34650513647994
766.0, 212.21854502441286, 1600.0, 1359.53125, 62.53189388735061
767.0, 223.38403298697335, 1600.0, 1513.625, 37.62573015458813
768.0, 233.25734937116596, 1600.0, 1546.34375, 44.751193987188046
769.0, 229.8608817598886, 1600.0, 1521.21875, 32.430507874085045
770.0, 224.67468580291649, 1600.0, 1423.9375, 61.95881649904029
771.0, 242.4715997814517, 1600.0, 1522.6875, 44.21358982769677
772.0, 229.82413479510015, 1600.0, 1365.125, 62.20100261107891
773.0, 230.88104203353558, 1600.0, 1477.8125, 54.02630229368781
774.0, 222.8956113980028, 1600.0, 1490.0625, 47.784486357850575
775.0, 223.8089917904097, 1600.0, 1372.3125, 63.43435590843782
776.0, 233.06917669365134, 1600.0, 1519.96875, 53.96826535360231
777.0, 236.40822661558602, 1600.0, 1535.75, 40.682672654503136
778.0, 238.50799024866313, 1600.0, 1440.15625, 54.87271409702355
779.0, 232.39878090273885, 1600.0, 1536.625, 41.972403468383625
780.0, 225.00647911410695, 1600.0, 1516.40625, 40.83717060861658
781.0, 234.5245389806362, 1600.0, 1554.21875, 26.35277918747834
782.0, 226.0790365279217, 1600.0, 1488.125, 51.616284180995
783.0, 234.15019307268238, 1600.0, 1373.125, 68.10193333306512
784.0, 234.3913560250561, 1600.0, 1506.84375, 59.62452721806451
785.0, 231.52318316892652, 1600.0, 1359.625, 64.7241183948369
786.0, 223.75800958732586, 1600.0, 1577.40625, 25.32449884154034
787.0, 231.97505013805159, 1600.0, 1492.40625, 49.76145516315396
788.0, 223.84502095315767, 1600.0, 1515.625, 46.32165984081678
789.0, 238.01365052274684, 1600.0, 1438.6875, 58.69239661199871
790.0, 240.81582270544845, 1600.0, 1340.875, 62.21653687382338
791.0, 228.60152453217574, 1600.0, 1563.25, 41.82144947739427
792.0, 240.94785645203066, 1600.0, 1503.4375, 39.598276923526214
793.0, 235.0318776104786, 1600.0, 1529.40625, 37.544474743043104
794.0, 233.17882285498146, 1600.0, 1500.71875, 41.696529450463885
795.0, 187.86820804722848, 1488.0, 1456.46875, 64.15581931428991
796.0, 245.2913692044601, 1600.0, 1554.40625, 35.357356495776806
797.0, 236.4820811372816, 1600.0, 1378.09375, 62.57794754158604
798.0, 232.7443945231768, 1600.0, 1407.96875, 79.35620859219428
799.0, 234.3299695537609, 1600.0, 1536.1875, 36.04914076583414
800.0, 239.10285515141052, 1600.0, 1420.3125, 60.38128007543809
801.0, 243.38978528077845, 1600.0, 1409.53125, 68.2472025288685
802.0, 232.14993696275272, 1600.0, 1327.125, 62.022339000420594
803.0, 230.1965638663988, 1600.0, 1501.0, 47.299801597701126
804.0, 220.03310306309504, 1600.0, 1442.9375, 60.05175487505232
805.0, 231.92681914080512, 1600.0, 1467.875, 58.29440712868033
806.0, 225.51094607615408, 1600.0, 1496.8125, 45.172784523856116
807.0, 222.81533032010276, 1600.0, 1494.5625, 39.46239331812155
808.0, 225.51605395446657, 1600.0, 1516.5, 40.478592227528125
809.0, 240.06725388353962, 1600.0, 1538.4375, 36.44461301911348
810.0, 231.2589004590196, 1600.0, 1481.1875, 48.555068678527974
811.0, 226.4751963443655, 1600.0, 1438.53125, 57.64888314172281
812.0, 229.45399716004732, 1600.0, 1457.375, 52.458031613604355
813.0, 244.83337674076958, 1600.0, 1578.4375, 36.940773834994076
814.0, 232.9803280883081, 1600.0, 1410.40625, 61.551677507935935
815.0, 230.01361903762648, 1600.0, 1504.5625, 46.308576893532106
816.0, 238.865958762071, 1600.0, 1489.0625, 58.184391905163565
817.0, 242.0877712619815, 1600.0, 1248.65625, 77.02430231016227
818.0, 164.98520114596718, 1063.0, 1391.71875, 69.66105799681674
819.0, 237.35653798154198, 1600.0, 1453.1875, 57.42790565008804
820.0, 181.75317151026422, 1558.0, 1406.34375, 47.80385662886951
821.0, 225.4773482724799, 1600.0, 1431.15625, 58.10946580441249
822.0, 230.0300171274028, 1600.0, 1532.5625, 38.953035383847755
823.0, 222.03300948261878, 1600.0, 1453.25, 58.4993664173581
824.0, 221.8674456881467, 1600.0, 1568.25, 26.284377670675482
825.0, 231.17747256056236, 1600.0, 1520.46875, 41.87322569750252
826.0, 232.0458590461914, 1600.0, 1563.21875, 32.89778553997919
827.0, 228.4272283871477, 1600.0, 1416.75, 53.24421113576364
828.0, 221.26182358744916, 1600.0, 1532.84375, 55.74331527709081
829.0, 228.50839820605847, 1600.0, 1555.34375, 36.29929596700263
830.0, 249.87807417377095, 1600.0, 1504.6875, 44.49822809091774
831.0, 59.74151147691176, 435.0, 1503.40625, 48.20336555028539
832.0, 233.89621068449927, 1600.0, 1433.625, 56.36703343440118
833.0, 228.04871219919227, 1600.0, 1462.25, 53.118460295232126
834.0, 227.2286850533623, 1600.0, 1555.15625, 68.88624800078722
835.0, 238.3867488973094, 1600.0, 1545.34375, 36.05006308635957
836.0, 237.47505650592385, 1600.0, 1501.28125, 46.49707309397386
837.0, 240.60967717186531, 1600.0, 1483.0625, 54.003672054296864
838.0, 233.67995681132535, 1600.0, 1470.15625, 56.745091023033645
839.0, 240.28659025063837, 1600.0, 1438.84375, 60.06561076309054
840.0, 255.91654784658843, 1600.0, 1577.28125, 37.282270990613
841.0, 252.10648362411317, 1600.0, 1471.625, 63.01212646398742
842.0, 244.27191414247073, 1600.0, 1392.53125, 68.16386907428725
843.0, 244.50412554804373, 1600.0, 1444.4375, 57.78119989800217
844.0, 257.47955471632736, 1600.0, 1569.5, 21.88779064809097
845.0, 247.2019182443811, 1600.0, 1344.4375, 67.59141420491247
846.0, 241.39850613117667, 1600.0, 1410.90625, 71.86524134494562
847.0, 239.9866801406032, 1600.0, 1460.0625, 60.032854790703354
848.0, 244.4614542970016, 1600.0, 1526.90625, 44.16574400063217
849.0, 242.6738159088525, 1600.0, 1466.15625, 66.3786449801111
850.0, 240.07487844797527, 1600.0, 1400.1875, 90.01097172538603
851.0, 250.36439347430388, 1600.0, 1535.5, 59.313561636193484
852.0, 247.2555417625629, 1600.0, 1470.0625, 52.23897853760374
853.0, 252.00216438336486, 1600.0, 1598.3125, 17.681524546439974
854.0, 261.74253405489327, 1600.0, 1470.34375, 50.9777357895277
855.0, 242.34789098118665, 1600.0, 1356.71875, 72.09937624184676
856.0, 245.87283757337732, 1600.0, 1503.90625, 61.51288567509791
857.0, 257.2971279616158, 1600.0, 1506.40625, 55.36668947154614
858.0, 240.94184679354598, 1600.0, 1256.125, 94.83645939060293
859.0, 240.0273105800989, 1600.0, 1426.6875, 65.05290557715284
860.0, 227.38678379988534, 1600.0, 1519.0, 38.81749094432259
861.0, 244.39408706998802, 1600.0, 1494.125, 49.50747526539926
862.0, 235.0779280727641, 1600.0, 1509.5, 50.17737004708914
863.0, 237.95066768996875, 1600.0, 1553.6875, 23.104772092839706
864.0, 82.1656930402791, 565.0, 1595.3125, 19.91827566219682
865.0, 240.3582164728039, 1600.0, 1330.75, 93.85928998368576
866.0, 252.1590875966024, 1600.0, 1591.84375, 27.089319669349795
867.0, 231.28927115442175, 1600.0, 1479.78125, 53.858763401318306
868.0, 235.30996525784644, 1600.0, 1475.09375, 56.584156882116154
869.0, 238.40193351151592, 1600.0, 1504.15625, 38.346769901953714
870.0, 249.25309741240648, 1600.0, 1532.21875, 42.78338719434061
871.0, 238.25569250766537, 1600.0, 1441.9375, 54.215422273425425
872.0, 223.88028454777233, 1600.0, 1470.71875, 58.43855700239264
873.0, 240.94595777976843, 1600.0, 1600.0, 63.82360839392646
874.0, 232.68281692065295, 1600.0, 1451.5, 65.29949939261962
875.0, 245.9438316099886, 1600.0, 1403.5625, 62.92829431779302
876.0, 249.64136747005617, 1600.0, 1596.84375, 16.69878484098987
877.0, 247.65670224760956, 1600.0, 1469.25, 55.474235030627334
878.0, 251.47952010952153, 1600.0, 1541.96875, 43.587837768181686
879.0, 237.0257132917724, 1600.0, 1290.28125, 74.75006297841105
880.0, 235.43637551202298, 1600.0, 1488.53125, 45.5989515131118
881.0, 244.28248854285332, 1600.0, 1504.4375, 48.604626925137076
882.0, 245.37805545352182, 1600.0, 1454.4375, 54.51774093514199
883.0, 248.0130573728648, 1600.0, 1521.21875, 43.33999348025873
884.0, 250.45297229113103, 1600.0, 1520.53125, 35.84714605021299
885.0, 254.11542533954812, 1600.0, 1514.65625, 48.53600384303788
886.0, 250.73914650734665, 1600.0, 1397.28125, 66.55858797027052
887.0, 240.8241052064679, 1600.0, 1463.875, 56.05027893866956
888.0, 236.95158973943376, 1600.0, 1475.84375, 66.68093899467978
889.0, 256.7357355333363, 1600.0, 1546.1875, 38.86073399391208
890.0, 254.5906121545352, 1600.0, 1590.46875, 15.336465953622852
891.0, 265.9012755810441, 1600.0, 1514.46875, 45.700259825311186
892.0, 256.9150516255786, 1600.0, 1482.90625, 46.615509411872196
893.0, 255.97859640799982, 1600.0, 1472.125, 52.62524871586005
894.0, 253.37114627787182, 1600.0, 1485.1875, 48.122408728582776
895.0, 259.51778996755075, 1600.0, 1529.5, 41.424447703638215
896.0, 259.92758028576645, 1600.0, 1536.1875, 48.58980581324222
897.0, 260.37640957076064, 1600.0, 1452.59375, 50.85335728707475
898.0, 255.33157495555704, 1600.0, 1567.21875, 25.124492727523414
899.0, 263.69738755989, 1600.0, 1388.8125, 71.84908452503885
900.0, 274.41580710856755, 1595.0, 1577.09375, 25.548453627430753
901.0, 262.19716196849436, 1600.0, 1464.28125, 60.246940361190546
902.0, 253.99329947724578, 1600.0, 1362.3125, 73.17547667605356
903.0, 247.5256261993568, 1600.0, 1370.8125, 81.05615449896882
904.0, 254.6969776491397, 1600.0, 1489.0625, 60.615615932672895
905.0, 251.70455388144305, 1600.0, 1415.34375, 74.5994255034783
906.0, 250.58223298225033, 1600.0, 1533.125, 33.91708860751924
907.0, 256.042884759229, 1600.0, 1436.0625, 67.94731560444943
908.0, 251.81984190689067, 1600.0, 1428.1875, 63.127098928244834
909.0, 240.94764199890318, 1600.0, 1516.65625, 43.7254259664018
910.0, 252.09178837549683, 1600.0, 1453.375, 63.19630991298931
911.0, 254.7986511142889, 1600.0, 1547.53125, 33.612296638048655
912.0, 248.80643250736432, 1600.0, 1564.75, 25.379693637287023
913.0, 256.9869296994313, 1600.0, 1545.46875, 32.050554441186684
914.0, 262.2207322532224, 1600.0, 1428.875, 66.73357015736441
915.0, 256.1430013021155, 1600.0, 1417.4375, 70.54890452284863
916.0, 260.897307637049, 1600.0, 1496.96875, 65.18081401229998
917.0, 258.4424903387925, 1600.0, 1473.46875, 70.01297593213263
918.0, 253.29210474184447, 1600.0, 1471.34375, 53.67053041531936
919.0, 249.99176521798478, 1600.0, 1449.15625, 64.19593661016852
920.0, 258.4936702253046, 1600.0, 1567.1875, 25.88845947671438
921.0, 257.19559154566934, 1600.0, 1488.5625, 54.045957412877605
922.0, 267.2467424693225, 1600.0, 1546.65625, 33.10697033987761
923.0, 237.47178319936222, 1434.0, 1479.4375, 63.74013843185861
924.0, 263.339588008664, 1600.0, 1539.9375, 37.28513207661997
925.0, 269.9325745491265, 1600.0, 1429.375, 63.18202791670768
926.0, 264.69835465892254, 1600.0, 1347.15625, 77.00347070360054
927.0, 264.33341437299043, 1600.0, 1470.09375, 53.237276403571904
928.0, 256.9508061448228, 1600.0, 1402.78125, 70.31663580412199
929.0, 252.94734007140002, 1600.0, 1348.0625, 82.94740428615629
930.0, 251.15508703956542, 1600.0, 1407.125, 74.04867373115044
931.0, 257.252587496415, 1600.0, 1405.21875, 69.43393382559958
932.0, 253.8887183345214, 1600.0, 1461.875, 60.368032445141054
933.0, 254.82771550644446, 1600.0, 1543.5625, 28.722987363528144
934.0, 253.11816950392085, 1600.0, 1441.84375, 61.723938284418395
935.0, 247.440310640054, 1600.0, 1504.53125, 43.44321427125577
936.0, 247.279663061403, 1600.0, 1499.09375, 44.141667076497846
937.0, 255.1152969003597, 1600.0, 1442.5, 70.24583660900264
938.0, 243.67472396098998, 1600.0, 1420.75, 65.50837724699969
939.0, 266.8403684162757, 1600.0, 1529.25, 32.81575657741091
940.0, 258.64977661899013, 1600.0, 1435.78125, 71.44831243131145
941.0, 254.58053481946516, 1600.0, 1257.40625, 83.94216988160954
942.0, 251.57188582427375, 1600.0, 1499.125, 55.53319634244804
943.0, 251.0844848871107, 1600.0, 1519.53125, 46.75790566527135
944.0, 251.01584753960634, 1600.0, 1435.1875, 59.37484583825345
945.0, 251.6657185423181, 1600.0, 1349.46875, 72.40163288938882
946.0, 250.26005033317156, 1600.0, 1479.6875, 60.60234400393542
947.0, 244.54766285428312, 1600.0, 1491.5625, 48.84786927908408
948.0, 244.3166447639826, 1600.0, 1532.78125, 49.166126991454384
949.0, 249.9133822747617, 1600.0, 1509.625, 42.48088610903563
950.0, 253.5258572764012, 1600.0, 1509.4375, 55.37392416658207
951.0, 239.62442670961923, 1600.0, 1381.84375, 73.72292498728166
952.0, 257.880372863843, 1600.0, 1348.3125, 81.60907123470358
953.0, 244.49324646178835, 1600.0, 1463.3125, 61.09816084116371
954.0, 250.04557484190175, 1600.0, 1389.875, 63.76085451868114
955.0, 251.21084233234487, 1600.0, 1361.15625, 81.02426610448727
956.0, 238.59847880981806, 1600.0, 1459.84375, 56.47395234096135
957.0, 243.1532459898735, 1600.0, 1523.5625, 41.40512292515123
958.0, 238.46055603642978, 1600.0, 1472.6875, 47.8298864505366
959.0, 240.3351402758475, 1600.0, 1513.78125, 34.306541539307744
960.0, 251.657026701301, 1600.0, 1572.1875, 36.988055981364816
961.0, 224.3239208365681, 1600.0, 1516.1875, 45.94408451442116
962.0, 246.09494391695492, 1600.0, 1362.78125, 60.88099593339707
963.0, 246.2061390738856, 1600.0, 1487.6875, 52.48732762952976
964.0, 245.1564206010537, 1600.0, 1428.40625, 72.22359621908973
965.0, 255.8466024191857, 1600.0, 1431.6875, 50.03791386795934
966.0, 242.41128464251597, 1600.0, 1507.75, 52.97279531775827
967.0, 246.54114439523354, 1600.0, 1505.625, 37.29047417082998
968.0, 255.7445472325398, 1600.0, 1531.0, 45.239439846939796
969.0, 258.16148749752153, 1600.0, 1503.6875, 37.590108290896474
970.0, 269.6091701628717, 1600.0, 1588.625, 15.026066621078495
971.0, 266.39400261577555, 1600.0, 1355.53125, 77.39305463382408
972.0, 28.798640112650634, 226.0, 1402.0, 60.417689011691344
973.0, 249.61677436220464, 1600.0, 1347.375, 69.5727254064584
974.0, 245.41606663178916, 1600.0, 1354.46875, 79.44802838952626
975.0, 240.4388738285145, 1600.0, 1495.5625, 49.463968958211105
976.0, 233.29947424300872, 1600.0, 1462.125, 61.56375036117947
977.0, 241.27847234667252, 1600.0, 1451.84375, 60.351276166967686
978.0, 253.08615433051827, 1600.0, 1529.5625, 45.96108298727744
979.0, 248.8298956912736, 1600.0, 1506.625, 48.13282670765634
980.0, 241.52946477865973, 1600.0, 1422.9375, 59.075790571389476
981.0, 233.1522545995065, 1600.0, 1524.28125, 44.54483855388972
982.0, 242.818127797751, 1600.0, 1446.625, 57.03485699946747
983.0, 250.83298917861535, 1600.0, 1427.875, 58.23783799064856
984.0, 249.73469449355778, 1600.0, 1417.53125, 66.16917893570817
985.0, 244.7266864996704, 1600.0, 1428.71875, 69.19589203069508
986.0, 243.3432723225879, 1600.0, 1515.0625, 55.75884171466738
987.0, 257.1286999777016, 1600.0, 1564.03125, 27.838296251945877
988.0, 252.66557826889732, 1600.0, 1505.1875, 40.09781585086641
989.0, 247.37087982518148, 1600.0, 1422.59375, 62.611417492602364
990.0, 257.84604462061407, 1600.0, 1447.375, 71.35596880092139
991.0, 253.3310663332789, 1600.0, 1439.75, 58.65414079315251
992.0, 246.84536303612833, 1600.0, 1550.25, 34.26733964581998
993.0, 255.9805454134502, 1600.0, 1498.15625, 39.428913657659685
994.0, 249.19399590879578, 1600.0, 1509.875, 45.755608582400995
995.0, 248.40117169188065, 1600.0, 1456.4375, 53.36353050655423
996.0, 248.66864608539208, 1600.0, 1433.375, 65.5131917435357
997.0, 235.85248713523484, 1600.0, 1492.40625, 45.35202798401632
998.0, 239.87026917168302, 1600.0, 1437.65625, 65.22180737856583
999.0, 237.10193802393485, 1600.0, 1539.46875, 38.25116377733737
1000.0, 227.67878305786002, 1600.0, 1418.8125, 62.16616593751767
1001.0, 241.97686586199907, 1600.0, 1504.9375, 36.309509879460855
1002.0, 236.51431736288336, 1600.0, 1540.9375, 37.50596996907745
1003.0, 242.89547614760576, 1600.0, 1459.0, 52.648820663798936
1004.0, 238.03033736406266, 1600.0, 1516.96875, 44.782212649101055
1005.0, 248.83812901259594, 1600.0, 1549.3125, 29.952758694039083
1006.0, 253.5780301359243, 1600.0, 1437.375, 56.285358573294296
1007.0, 238.0260222950163, 1600.0, 1431.96875, 49.23005649903569
1008.0, 244.7090645414292, 1600.0, 1497.5625, 48.47668446593887
1009.0, 238.47495166134655, 1600.0, 1487.28125, 47.82189466655081
1010.0, 241.17916830924952, 1600.0, 1493.15625, 34.866446242777926
1011.0, 239.46348606814286, 1600.0, 1382.3125, 71.76451333063793
1012.0, 242.88937078996844, 1600.0, 1441.875, 51.65483791935111
1013.0, 241.43140208416543, 1600.0, 1456.8125, 47.74140322302378
1014.0, 246.07088652668287, 1600.0, 1548.1875, 37.75663991111379
1015.0, 245.6206965483745, 1600.0, 1519.09375, 35.27449067374117
1016.0, 232.49310660825938, 1600.0, 1482.78125, 49.234158752360585
1017.0, 232.56267277916731, 1600.0, 1433.90625, 58.75627288094294
1018.0, 256.76064485651716, 1600.0, 1596.5625, 15.959671844118837
1019.0, 61.8872974586682, 413.0, 1383.5625, 69.59667039857133
1020.0, 177.7276857289249, 1121.0, 1271.34375, 82.96668545546468
1021.0, 248.5418250221151, 1600.0, 1266.96875, 83.5629054167385
1022.0, 246.1869120528409, 1600.0, 1323.375, 66.00825369316469
1023.0, 248.6450176700544, 1600.0, 1463.78125, 56.595633588967644
1024.0, 234.54973766161748, 1600.0, 1478.625, 55.433850662253725
1025.0, 239.55433441908804, 1600.0, 1505.375, 49.317590507111845
1026.0, 252.8813721994637, 1600.0, 1599.25, 11.937004464478289
1027.0, 252.61952999729246, 1600.0, 1303.40625, 71.87202804034992
1028.0, 252.22435700972667, 1600.0, 1477.0625, 59.86070050818969
1029.0, 251.00583609546868, 1600.0, 1413.5, 58.99662070444506
1030.0, 240.5235560977243, 1600.0, 1458.3125, 45.301302857181895
1031.0, 238.47695242460577, 1600.0, 1505.5625, 46.94532134550538
1032.0, 247.7511651093393, 1600.0, 1505.4375, 44.97628413566661
1033.0, 242.49075868785349, 1600.0, 1504.4375, 45.456735581697714
1034.0, 258.3459412291533, 1600.0, 1581.1875, 23.313786246801023
1035.0, 238.588327028028, 1600.0, 1351.3125, 74.37624259399998
1036.0, 219.80922716337048, 1600.0, 1442.0625, 52.59956419999455
1037.0, 238.3940919842144, 1600.0, 1546.0, 39.20523356707938
1038.0, 243.14257419619523, 1600.0, 1563.53125, 36.000676556016955
1039.0, 255.63524895711814, 1600.0, 1600.0, 16.337292007082418
1040.0, 239.32997589298714, 1600.0, 1415.53125, 53.833079827742516
1041.0, 250.70461777858563, 1600.0, 1463.53125, 55.25978864390868
1042.0, 242.45818762326735, 1600.0, 1578.3125, 20.47650698671533
1043.0, 254.7321123246399, 1600.0, 1517.625, 43.09991400512272
1044.0, 257.51766001605023, 1600.0, 1558.3125, 26.391830152529586
1045.0, 244.98914363476086, 1600.0, 1439.3125, 65.63445432059856
1046.0, 251.3562222755451, 1600.0, 1526.5, 45.97744648754467
1047.0, 244.3729603191028, 1600.0, 1523.65625, 44.49856172892718
1048.0, 249.59964474369653, 1600.0, 1464.25, 58.34493251619165
1049.0, 235.51642397453176, 1600.0, 1466.625, 59.059857315195266
1050.0, 250.45349929920872, 1600.0, 1497.375, 47.37468081317822
1051.0, 248.11877774739207, 1600.0, 1439.28125, 62.647789973594335
1052.0, 244.60583579044996, 1600.0, 1571.28125, 25.773988440446157
1053.0, 241.2928117026685, 1600.0, 1525.4375, 40.738847312672505
1054.0, 254.09957904629715, 1600.0, 1599.15625, 13.018264836404029
1055.0, 253.98851912894614, 1600.0, 1362.9375, 57.98705704618164
1056.0, 250.90542497271753, 1600.0, 1496.90625, 43.29721133047278
1057.0, 243.5708653271182, 1600.0, 1553.53125, 36.877926706851326
1058.0, 259.3256110320195, 1600.0, 1537.6875, 39.01688608776959
1059.0, 259.9818942279701, 1600.0, 1424.3125, 60.68271072239662
1060.0, 261.07345896359976, 1600.0, 1585.5625, 29.274830930607457
1061.0, 232.99009762149745, 1600.0, 1344.125, 69.64789371883683
1062.0, 237.9730426788046, 1600.0, 1565.875, 32.49548990287725
1063.0, 242.67608274233982, 1600.0, 1475.40625, 59.958710207207595
1064.0, 247.17594280584277, 1600.0, 1501.0, 42.07807654639881
1065.0, 239.51868424015615, 1600.0, 1513.53125, 44.18569690560596
1066.0, 233.59150411274592, 1600.0, 1458.8125, 55.45429091192123
1067.0, 233.11084924745802, 1600.0, 1524.21875, 42.36707881229286
1068.0, 236.38259528078407, 1600.0, 1558.1875, 43.20405940335193
1069.0, 229.74948226770374, 1600.0, 1541.40625, 34.5995306757174
1070.0, 235.75012375403261, 1600.0, 1547.0625, 34.32861456324732
1071.0, 243.9128935697323, 1600.0, 1515.28125, 45.53017698010565
1072.0, 248.63991105146664, 1600.0, 1577.125, 26.960856173070596
1073.0, 246.95358562093307, 1600.0, 1564.15625, 32.305775949596786
1074.0, 244.5392816679708, 1600.0, 1516.0, 40.93315154709285
1075.0, 246.41661734908675, 1600.0, 1407.4375, 61.5613632799461
1076.0, 244.50566499428106, 1600.0, 1491.6875, 45.601994634169166
1077.0, 233.35702807834065, 1600.0, 1497.4375, 40.63438021863784
1078.0, 242.07953834956155, 1600.0, 1532.53125, 37.23598104748268
1079.0, 242.99131471513593, 1600.0, 1541.59375, 41.38758046972533
1080.0, 241.15080348352734, 1600.0, 1560.09375, 23.033596988183675
1081.0, 233.89942096216956, 1600.0, 1546.09375, 31.921756319619984
1082.0, 252.1073830276863, 1600.0, 1505.09375, 44.4700203373222
1083.0, 248.54914489915188, 1600.0, 1536.75, 35.63517141467628
1084.0, 241.0340184980676, 1600.0, 1490.15625, 41.861417452998985
1085.0, 250.47998249699387, 1600.0, 1506.4375, 48.89996368373988
1086.0, 247.14980234719295, 1600.0, 1486.125, 59.14821871941896
1087.0, 244.62090553760737, 1600.0, 1513.125, 40.827416709366425
1088.0, 256.55403284932976, 1600.0, 1598.84375, 17.00048497775286
1089.0, 254.29613170692164, 1600.0, 1474.6875, 46.275311916832386
1090.0, 253.27479961858813, 1600.0, 1444.5625, 54.398741093674715
1091.0, 250.44853641511838, 1600.0, 1496.90625, 40.01828642966536
1092.0, 247.62301376584415, 1600.0, 1470.9375, 44.292756514287035
1093.0, 248.2889765395776, 1600.0, 1558.21875, 32.25766177040878
1094.0, 242.05826911665363, 1600.0, 1427.03125, 55.896153743525964
1095.0, 253.85612824483707, 1600.0, 1580.28125, 17.227353622165253
1096.0, 249.04188564268827, 1600.0, 1430.8125, 50.042180068294556
1097.0, 242.85677601661573, 1600.0, 1440.09375, 56.898507510875035
1098.0, 258.5316227821351, 1600.0, 1572.53125, 26.13263733715953
1099.0, 243.99855933461657, 1600.0, 1544.71875, 31.385343272836053
1100.0, 243.7967588550581, 1600.0, 1450.0, 52.42630631014741
1101.0, 243.96494490631633, 1600.0, 1492.28125, 43.65949350626355
1102.0, 252.84163539867978, 1600.0, 1594.15625, 12.25228299366213
1103.0, 254.51825248899777, 1600.0, 1570.6875, 16.854852110072702
1104.0, 255.87605202631553, 1600.0, 1439.4375, 63.08151632368013
1105.0, 236.87245508339782, 1600.0, 1402.15625, 61.88622483376851
1106.0, 250.27911326729318, 1600.0, 1579.8125, 22.54751038506162
1107.0, 256.08103759306084, 1600.0, 1546.75, 34.642729347854385
1108.0, 238.54784645762103, 1600.0, 1444.03125, 53.60683965842389
1109.0, 238.48047625565383, 1600.0, 1409.25, 67.14209497478005
1110.0, 233.34118528813505, 1600.0, 1552.34375, 32.47622976503459
1111.0, 245.8115534526101, 1600.0, 1569.0625, 30.618854447141242
1112.0, 263.8048850787337, 1599.0, 1594.96875, 15.458666846560043
1113.0, 261.69746135328506, 1600.0, 1325.625, 70.12252147815613
1114.0, 246.75487215808445, 1600.0, 1413.28125, 64.73918029775427
1115.0, 246.7087998560894, 1600.0, 1516.25, 42.505011223803784
1116.0, 252.55533714338762, 1600.0, 1523.9375, 41.38897567518509
1117.0, 254.8306516096122, 1600.0, 1599.25, 12.8194248246592
1118.0, 246.75627064366046, 1600.0, 1465.21875, 60.354819812881445
1119.0, 251.8657544542846, 1600.0, 1404.46875, 66.30784278163411
1120.0, 251.94612157876344, 1600.0, 1575.90625, 22.358871999162695
1121.0, 252.23028720204013, 1600.0, 1477.15625, 52.60349255753447
1122.0, 252.82860301466837, 1600.0, 1550.1875, 20.078372247002054
1123.0, 255.21852181602418, 1600.0, 1475.75, 52.5573489357392
1124.0, 249.94469167249707, 1600.0, 1530.8125, 52.77861506731448
1125.0, 263.0255641582627, 1600.0, 1498.34375, 46.68958741983362
1126.0, 258.1753440909443, 1600.0, 1342.8125, 72.33773964170429
1127.0, 257.3032768369623, 1600.0, 1377.3125, 60.24066695695059
1128.0, 249.94554230122708, 1600.0, 1543.625, 38.67231096405188
1129.0, 246.57724976913283, 1600.0, 1489.40625, 51.641379292545494
1130.0, 102.25336290799345, 699.0, 1416.4375, 52.79986310332599
1131.0, 241.30929033557064, 1600.0, 1505.875, 40.229728113337046
1132.0, 241.2204371007872, 1600.0, 1557.5625, 31.63562074812231
1133.0, 230.67051846274572, 1600.0, 1533.3125, 39.998149167042456
1134.0, 245.40831912116116, 1600.0, 1490.9375, 44.33868143799109
1135.0, 248.55958101986317, 1600.0, 1538.8125, 38.84191493754725
1136.0, 241.51477932124226, 1600.0, 1509.21875, 40.31376089377373
1137.0, 260.71411668573137, 1600.0, 1583.625, 21.25372864978443
1138.0, 251.68279559257186, 1600.0, 1492.28125, 41.790605103318676
1139.0, 258.231100463803, 1600.0, 1480.25, 43.1479183341009
1140.0, 254.19229860641204, 1600.0, 1558.34375, 28.86928966444777
1141.0, 249.87700109733117, 1600.0, 1445.65625, 70.63730487297578
1142.0, 238.74880692298538, 1600.0, 1544.15625, 33.344221263229244
1143.0, 251.16165311184542, 1600.0, 1527.90625, 43.44230300501778
1144.0, 259.13417893643833, 1600.0, 1535.71875, 32.92045107534552
1145.0, 252.58750748559982, 1600.0, 1530.0, 39.36517635579666
1146.0, 246.6910787509178, 1600.0, 1458.53125, 58.24639446559969
1147.0, 240.95339971572133, 1600.0, 1474.03125, 51.21297540291377
1148.0, 261.60724311693116, 1600.0, 1586.28125, 16.721772881224712
1149.0, 251.18278377715455, 1600.0, 1464.46875, 46.997935218057165
1150.0, 254.32499608494277, 1600.0, 1474.84375, 43.06496420209403
1151.0, 247.17173571635175, 1600.0, 1465.3125, 53.151165291830466
1152.0, 243.83644224533586, 1600.0, 1528.84375, 43.65458465845262
1153.0, 249.69214769627342, 1600.0, 1554.5625, 28.283421158834244
1154.0, 252.70049534950272, 1600.0, 1474.9375, 44.53137665301821
1155.0, 246.3088954100848, 1600.0, 1428.21875, 58.78273401501371
1156.0, 247.72377379164755, 1600.0, 1511.125, 46.83290284284992
1157.0, 244.61152608196727, 1600.0, 1537.25, 35.213342420641276
1158.0, 264.44059033774727, 1600.0, 1597.6875, 13.838279265489028
1159.0, 262.6271144483386, 1600.0, 1511.375, 49.18813678573443
1160.0, 261.2965280117598, 1600.0, 1477.375, 59.60058425061312
1161.0, 254.22902946852025, 1600.0, 1491.28125, 60.2479979867759
1162.0, 262.91333833412534, 1600.0, 1561.75, 24.56457147962372
1163.0, 266.6642339629456, 1600.0, 1547.4375, 36.24193310479068
1164.0, 244.73804172190603, 1600.0, 1459.03125, 46.15177375291923
1165.0, 259.9882047260705, 1600.0, 1543.75, 34.85979867611515
1166.0, 257.3295845195139, 1600.0, 1440.5, 66.90651469049327
1167.0, 258.3206138438135, 1600.0, 1460.9375, 61.53165028735178
1168.0, 245.30847676594743, 1600.0, 1530.625, 37.01009505946651
1169.0, 258.08471553877723, 1600.0, 1463.8125, 48.7910324391245
1170.0, 268.91246862075866, 1600.0, 1576.15625, 16.64363924478659
1171.0, 261.6918085291364, 1600.0, 1346.28125, 70.86735945964799
1172.0, 265.17043285060697, 1600.0, 1492.15625, 49.75034237156748
1173.0, 269.615786170288, 1600.0, 1577.59375, 19.26708731455935
1174.0, 261.9482712612976, 1600.0, 1513.21875, 33.656796484918665
1175.0, 260.80480475711755, 1600.0, 1475.53125, 59.177670616203606
1176.0, 108.91088627526797, 691.0, 1519.75, 39.69826837810381
1177.0, 264.90819645558753, 1600.0, 1456.96875, 60.806633826548925
1178.0, 257.4062542305473, 1600.0, 1526.59375, 34.838704899882956
1179.0, 252.28977185824624, 1600.0, 1453.375, 63.7104216443864
1180.0, 259.37904695676343, 1600.0, 1519.03125, 38.579015329255135
1181.0, 252.99551286596198, 1600.0, 1496.9375, 54.71181091180681
1182.0, 247.39246631800776, 1600.0, 1493.25, 52.17522766851317
1183.0, 251.425122826356, 1600.0, 1435.625, 74.74138462783122
1184.0, 262.5686891159436, 1600.0, 1573.53125, 26.422382356131582
1185.0, 254.34479195488547, 1600.0, 1480.0625, 58.740384331618735
1186.0, 249.5937033163852, 1600.0, 1507.75, 45.80801117198853
1187.0, 256.9225974173202, 1600.0, 1544.40625, 36.49826317434393
1188.0, 260.12805785388963, 1600.0, 1497.21875, 47.84833889695012
1189.0, 258.60446657001836, 1600.0, 1505.625, 44.45174114985512
1190.0, 259.5502169681152, 1600.0, 1491.84375, 50.86382973313309
1191.0, 243.38840412843385, 1600.0, 1440.96875, 66.77309097458033
1192.0, 250.78654021713172, 1600.0, 1489.875, 46.61413922344642
1193.0, 241.82901800253336, 1600.0, 1472.40625, 61.6261252616212
1194.0, 252.37096736739304, 1600.0, 1484.34375, 55.72865725715698
1195.0, 245.56033610291686, 1600.0, 1535.03125, 41.77555990704982
1196.0, 253.0623833282455, 1600.0, 1518.625, 37.38270892859735
1197.0, 256.56342750199826, 1600.0, 1469.75, 63.89112249436149
1198.0, 254.18327079160267, 1600.0, 1511.59375, 47.81325664864767
1199.0, 246.9239372318826, 1600.0, 1454.59375, 62.674741701230786
1200.0, 252.75569509072307, 1600.0, 1534.625, 47.58597358528016
1201.0, 265.2742405642861, 1600.0, 1579.0625, 19.78183594023864
1202.0, 270.85424480143695, 1587.0, 1535.78125, 29.787134090625415
1203.0, 266.44800949976377, 1600.0, 1428.3125, 61.6323245810777
1204.0, 251.13232766205428, 1600.0, 1442.5625, 57.04201869399492
1205.0, 254.57482347235276, 1600.0, 1452.84375, 64.35400482301915
1206.0, 251.75812699074226, 1600.0, 1463.34375, 52.05590554595102
1207.0, 248.62145946025007, 1600.0, 1554.125, 42.36893939989387
1208.0, 244.55566450110615, 1600.0, 1473.65625, 48.016375031290494
1209.0, 249.96226931284124, 1600.0, 1498.28125, 57.371762718311594
1210.0, 245.87900102115333, 1600.0, 1564.5625, 37.88881240922601
1211.0, 243.83047935132024, 1600.0, 1503.59375, 47.7769926490999
1212.0, 235.17408384888108, 1600.0, 1489.0625, 48.099432074471665
1213.0, 246.13640200498597, 1600.0, 1560.34375, 25.34426975500488
1214.0, 236.51785498711388, 1600.0, 1504.09375, 41.61597949754392
1215.0, 243.13447229816543, 1600.0, 1562.03125, 31.931631176305295
1216.0, 244.19611821324503, 1600.0, 1527.53125, 44.77427906670998
1217.0, 251.63737617213758, 1600.0, 1579.9375, 17.308433965225856
1218.0, 255.28463142645165, 1600.0, 1376.5625, 70.47281819703132
1219.0, 249.16283952833632, 1600.0, 1405.90625, 64.08874356601473
1220.0, 251.5588563610179, 1600.0, 1516.09375, 38.96030457032061
1221.0, 251.75881563028696, 1600.0, 1545.4375, 41.91081506306619
1222.0, 252.94249715439335, 1600.0, 1484.75, 45.01040900730736
1223.0, 252.9049134969302, 1600.0, 1534.3125, 37.63077640394887
1224.0, 258.0996573805931, 1600.0, 1547.90625, 34.04911978237343
1225.0, 253.97735306523384, 1600.0, 1496.21875, 53.68780726491613
1226.0, 241.25236229670227, 1600.0, 1515.78125, 50.941852184628566
1227.0, 248.86991017203533, 1600.0, 1574.96875, 20.26182524294607
1228.0, 265.9784511662466, 1593.0, 1566.6875, 24.40117537243065
1229.0, 253.80923449231747, 1600.0, 1462.4375, 52.596486063299885
1230.0, 249.00894156693636, 1600.0, 1529.1875, 33.52307020733981
1231.0, 249.06326152115489, 1600.0, 1548.125, 32.921648223693246
1232.0, 248.55095509150595, 1600.0, 1510.0, 46.22135327958115
1233.0, 254.18496962440796, 1600.0, 1459.75, 49.538995160465
1234.0, 245.8490796355451, 1600.0, 1566.875, 21.55537015394257
1235.0, 241.10584644926055, 1600.0, 1536.875, 38.4674582735972
1236.0, 249.42962430645284, 1600.0, 1527.59375, 31.646587600212634
1237.0, 245.90012695536487, 1600.0, 1526.875, 48.47259954361019
1238.0, 253.24952407953927, 1600.0, 1462.3125, 54.24306264208759
1239.0, 258.2830863490713, 1600.0, 1493.125, 45.16837040135928
1240.0, 259.40572740949034, 1600.0, 1581.625, 12.162748092583737
1241.0, 75.62900987163292, 466.0, 1518.84375, 41.1941682721514
1242.0, 265.16628643750465, 1598.0, 1403.25, 61.64637407781613
1243.0, 259.52094306446435, 1600.0, 1467.84375, 42.85420750960234
1244.0, 256.9162037933894, 1600.0, 1402.71875, 60.05366781423946
1245.0, 263.5409346274936, 1593.0, 1519.53125, 34.71119062186334
1246.0, 256.78158217332435, 1600.0, 1540.46875, 22.34579574820776
1247.0, 265.23115227279095, 1600.0, 1514.5625, 34.03845800084117
1248.0, 251.2508742870862, 1600.0, 1382.1875, 69.840970909823
1249.0, 252.16126728963104, 1600.0, 1516.0625, 30.79504747988795
1250.0, 265.4247169261577, 1600.0, 1489.78125, 46.6900993780036
1251.0, 263.18155403438834, 1600.0, 1430.1875, 47.35755219582315
1252.0, 254.92126290303764, 1600.0, 1434.15625, 62.0007623685203
1253.0, 251.79243854991796, 1600.0, 1511.84375, 43.11823774423045
1254.0, 263.14676495439915, 1586.0, 1593.71875, 12.222798525052138
1255.0, 261.61064042963875, 1599.0, 1438.5625, 50.25481089909849
1256.0, 264.095197811004, 1584.0, 1553.90625, 32.90010437724995
1257.0, 263.68538387403083, 1599.0, 1500.65625, 54.46433346664152
1258.0, 253.4295298487575, 1600.0, 1516.21875, 34.048434601264816
1259.0, 255.18263631059472, 1600.0, 1449.6875, 48.31720282046681
1260.0, 189.54878567744456, 1336.0, 1514.09375, 46.33330400236893
1261.0, 259.6382490004674, 1600.0, 1531.5, 42.33071860669966
1262.0, 255.70092110625797, 1600.0, 1517.4375, 39.0768184128894
1263.0, 263.3179259898279, 1600.0, 1571.625, 18.640423529301906
1264.0, 264.4203114878139, 1586.0, 1457.96875, 45.191380147545146
1265.0, 264.72047257621887, 1590.0, 1399.8125, 66.36404546650488
1266.0, 262.7548598993104, 1600.0, 1496.25, 47.43570516370045
1267.0, 253.9722891969123, 1600.0, 1435.3125, 62.07388621082872
1268.0, 257.9595917265632, 1600.0, 1465.8125, 52.34023696875609
1269.0, 257.06262907237823, 1600.0, 1443.71875, 56.444165936508654
1270.0, 253.78171722109508, 1600.0, 1522.125, 46.44636957015889
1271.0, 254.72253809517287, 1600.0, 1420.28125, 60.68996676806047
1272.0, 248.39962659698537, 1600.0, 1539.6875, 37.00506873348532
1273.0, 259.95513240017374, 1566.0, 1568.28125, 22.371016315641924
1274.0, 256.42634022451864, 1600.0, 1461.90625, 51.099649900836305
1275.0, 259.9348638751733, 1600.0, 1548.5, 36.342856764532144
1276.0, 264.2247598852259, 1546.0, 1518.65625, 32.38048122533386
1277.0, 262.36891830078963, 1572.0, 1455.90625, 43.56077035684611
1278.0, 261.5495772392477, 1579.0, 1517.5625, 43.84679552260461
1279.0, 263.40476644185617, 1577.0, 1471.625, 47.43138869507742
1280.0, 258.94316194314, 1600.0, 1361.46875, 71.39482970818246
1281.0, 264.52109351693434, 1581.0, 1595.96875, 10.98447684654612
1282.0, 260.6573359635515, 1600.0, 1445.46875, 49.866473443225026
1283.0, 250.51388491007805, 1600.0, 1389.375, 66.47263520402682
1284.0, 265.7299571664032, 1598.0, 1535.375, 38.53598248697924
1285.0, 265.3423689012537, 1597.0, 1509.6875, 37.485657949356785
1286.0, 265.3628334854922, 1597.0, 1432.28125, 65.98478778078581
1287.0, 260.9554132780641, 1600.0, 1535.71875, 38.58990669971774
1288.0, 259.86412900559816, 1600.0, 1554.375, 33.56911581700946
1289.0, 266.1749909641321, 1598.0, 1479.75, 62.28053220549615
1290.0, 267.866131672429, 1556.0, 1578.78125, 10.257068762980873
1291.0, 267.27908495253644, 1555.0, 1401.96875, 59.2902577981546
1292.0, 264.96545504828157, 1593.0, 1451.0, 51.42108517458551
1293.0, 265.0205405367006, 1583.0, 1469.53125, 60.41420587868878
1294.0, 262.1863513328803, 1600.0, 1491.9375, 45.04757541364353
1295.0, 263.8775007668171, 1600.0, 1545.625, 44.998553182216845
1296.0, 247.67275763941643, 1600.0, 1423.34375, 69.28879221581767
1297.0, 250.68972212374456, 1600.0, 1473.0, 65.32675760703161
1298.0, 254.14510903269831, 1600.0, 1543.96875, 42.69056625178373
1299.0, 255.69990845992427, 1600.0, 1518.28125, 47.07172218652049
1300.0, 264.1169258431159, 1594.0, 1592.21875, 12.00690892182141
1301.0, 257.5563701944054, 1600.0, 1390.9375, 77.75430468713037
1302.0, 148.91473677280666, 1090.0, 1493.09375, 54.304825393204524
1303.0, 258.96132296977555, 1600.0, 1531.21875, 36.76370856081185
1304.0, 112.06389313887458, 929.0, 1494.78125, 56.393777962015164
1305.0, 245.43602270990425, 1600.0, 1506.34375, 52.65661004167481
1306.0, 262.7164171110795, 1600.0, 1593.65625, 16.66514543987798
1307.0, 114.02784268931545, 756.0, 1434.21875, 59.766261773499416
1308.0, 260.2506994621603, 1600.0, 1554.90625, 31.007353996143234
1309.0, 261.2885319384757, 1600.0, 1518.78125, 52.192024547204326
1310.0, 264.56671815064067, 1600.0, 1560.59375, 36.46860660211916
1311.0, 263.6362249829194, 1600.0, 1388.625, 66.59393415937716
1312.0, 267.0136327361714, 1578.0, 1487.53125, 59.820137192310064
1313.0, 264.38379182474455, 1600.0, 1511.15625, 30.431881483704217
1314.0, 269.25921688232756, 1562.0, 1468.21875, 59.90439749984137
1315.0, 257.07586369389054, 1600.0, 1268.65625, 84.45071670820809
1316.0, 268.0415449434408, 1585.0, 1590.53125, 10.923388709091856
1317.0, 128.23425166845473, 968.0, 1482.75, 45.814435727611425
1318.0, 265.0674996277627, 1592.0, 1508.03125, 52.044289630045746
1319.0, 260.9700482312258, 1600.0, 1494.125, 49.29674153419201
1320.0, 264.0531805512885, 1557.0, 1429.09375, 62.7799627809288
1321.0, 256.11631819385593, 1600.0, 1477.59375, 48.77574751284863
1322.0, 265.8743544109721, 1574.0, 1516.90625, 47.795088078622726
1323.0, 263.84049081339714, 1600.0, 1333.625, 71.22331381857691
1324.0, 259.14597945765075, 1600.0, 1541.90625, 37.27404292574932
1325.0, 265.3607084772982, 1581.0, 1494.25, 57.23459281356123
1326.0, 258.37362949306436, 1600.0, 1540.5, 30.078583273859607
1327.0, 257.9426557595795, 1600.0, 1551.21875, 37.88181758186738
1328.0, 256.44858512588195, 1600.0, 1514.25, 47.56161875250244
1329.0, 258.09262928499237, 1600.0, 1449.125, 58.96470387794267
1330.0, 261.9625520672487, 1600.0, 1463.40625, 57.41579739395754
1331.0, 257.22838541060526, 1600.0, 1525.96875, 28.21213030736261
1332.0, 258.3952261176956, 1600.0, 1532.875, 39.979894037201014
1333.0, 254.2776118476982, 1600.0, 1518.96875, 48.716175069825674
1334.0, 259.41741093273805, 1600.0, 1551.96875, 31.146592295298227
1335.0, 261.5584931719394, 1600.0, 1599.0625, 8.626772376291628
1336.0, 258.38620132183416, 1600.0, 1555.875, 23.529993755805776
1337.0, 261.9903555726624, 1600.0, 1499.40625, 61.07397616625958
1338.0, 90.39058520015631, 599.0, 1524.90625, 49.215405113294295
1339.0, 256.8741987962683, 1600.0, 1477.6875, 64.06597725077347
1340.0, 260.34671085844167, 1600.0, 1524.25, 42.096487816077364
1341.0, 264.64411052344394, 1600.0, 1569.84375, 22.24277183095503
1342.0, 264.3129834349835, 1600.0, 1526.5, 42.50717129339576
1343.0, 261.7571705851106, 1600.0, 1552.34375, 37.83208117392762
1344.0, 262.1438789869088, 1600.0, 1543.90625, 46.250115945695896
1345.0, 269.04452963567985, 1578.0, 1572.59375, 13.100169654986558
1346.0, 265.5743133376465, 1600.0, 1417.625, 70.57376883654275
1347.0, 261.4899809360539, 1600.0, 1430.6875, 59.625184184814884
1348.0, 266.45831279993496, 1591.0, 1584.8125, 12.276376326933244
1349.0, 268.33767357428013, 1600.0, 1496.25, 42.92584209969204
1350.0, 267.0223119953727, 1596.0, 1508.96875, 46.076618064512886
1351.0, 265.53876483537834, 1594.0, 1412.15625, 70.80054462250952
1352.0, 262.61271641291563, 1600.0, 1454.875, 49.525762960317856
1353.0, 262.78097821608264, 1600.0, 1494.875, 41.0131615002233
1354.0, 266.19262775850996, 1600.0, 1572.625, 19.017542856335844
1355.0, 265.83163785591637, 1600.0, 1420.96875, 69.01560611440149
1356.0, 263.8944155821756, 1600.0, 1517.34375, 40.397607925968735
1357.0, 269.50990568984497, 1596.0, 1478.5, 49.82602915970984
1358.0, 261.9163757676375, 1600.0, 1448.03125, 54.70871386326769
1359.0, 260.15389477658687, 1600.0, 1514.09375, 43.72130213216521
1360.0, 259.37855777988625, 1600.0, 1504.03125, 52.77898928550784
1361.0, 261.9521577526766, 1600.0, 1564.96875, 20.42085685221356
1362.0, 265.0729778234841, 1599.0, 1393.0, 70.8846900376354
1363.0, 262.49734858720075, 1600.0, 1543.125, 44.8813976270739
1364.0, 261.0209116050548, 1600.0, 1527.59375, 33.229977954398514
1365.0, 262.881795229753, 1600.0, 1503.03125, 54.913719045468866
1366.0, 257.2147866300189, 1600.0, 1493.71875, 50.43752401417664
1367.0, 255.60146492520641, 1600.0, 1498.75, 51.47747669420063
1368.0, 249.006070023493, 1600.0, 1561.6875, 24.376100232974647
1369.0, 265.55338636329617, 1595.0, 1597.46875, 13.787863227882552
1370.0, 261.04386220158136, 1600.0, 1529.96875, 31.305749248003544
1371.0, 251.95015244232067, 1600.0, 1491.96875, 57.50438519969471
1372.0, 262.5949102212278, 1600.0, 1487.0, 45.53645884521786
1373.0, 263.223930699565, 1600.0, 1405.84375, 67.69993875343246
1374.0, 257.17484160452625, 1600.0, 1536.46875, 41.022696686898996
1375.0, 265.0478911772441, 1600.0, 1523.5625, 43.870790680218676
1376.0, 257.0605435386363, 1600.0, 1508.40625, 41.30162797912378
1377.0, 267.68963426969736, 1583.0, 1460.78125, 59.630638753641705
1378.0, 266.16782324823856, 1600.0, 1570.90625, 28.41185769301705
1379.0, 264.8560559986663, 1600.0, 1427.71875, 72.60650493224117
1380.0, 266.5257254538583, 1600.0, 1459.375, 63.150536813886575
1381.0, 257.64930726618996, 1600.0, 1549.15625, 36.06142407268218
1382.0, 265.90740489349344, 1585.0, 1579.34375, 14.40905205272704
1383.0, 266.9406218447115, 1586.0, 1433.625, 56.89185664439962
1384.0, 266.6821259565795, 1598.0, 1505.03125, 48.706882324684656
1385.0, 255.3475382862344, 1600.0, 1510.09375, 53.251003296662546
1386.0, 261.75754603981676, 1600.0, 1538.28125, 44.151173200078944
1387.0, 268.553574833179, 1582.0, 1596.78125, 11.375394012496457
1388.0, 270.1147902763394, 1548.0, 1584.96875, 9.901780221618367
1389.0, 270.2834528594692, 1568.0, 1526.03125, 32.98938727119106
1390.0, 268.700783171716, 1580.0, 1513.65625, 29.282361855028817
1391.0, 270.27184742071495, 1552.0, 1550.78125, 13.571615305861126
1392.0, 264.62062439330043, 1600.0, 1406.25, 65.39006425538965
1393.0, 259.08100918025923, 1600.0, 1475.0625, 52.84333726728955
1394.0, 266.62210521516613, 1581.0, 1555.53125, 28.34806210627917
1395.0, 264.9822511134842, 1594.0, 1514.03125, 45.97273269725339
1396.0, 260.81013711080345, 1600.0, 1536.40625, 44.8851631751921
1397.0, 268.07725203002025, 1567.0, 1586.53125, 13.572588930779482
1398.0, 266.29545460992773, 1578.0, 1421.09375, 68.87828358185372
1399.0, 107.36746604173169, 666.0, 1553.875, 35.77880986126787
1400.0, 267.75788016717706, 1589.0, 1473.21875, 64.14694511217017
1401.0, 268.5208146019183, 1571.0, 1494.875, 51.06548472388956
1402.0, 196.27455248749703, 1250.0, 1586.90625, 8.292383763197543
1403.0, 267.70462603365064, 1594.0, 1416.09375, 65.43908924985077
1404.0, 269.95260493849094, 1574.0, 1465.65625, 61.817304140463754
1405.0, 266.3848811493337, 1600.0, 1453.71875, 60.9609727963662
1406.0, 258.92038201155646, 1600.0, 1528.09375, 46.814440869775524
1407.0, 250.9880285399703, 1600.0, 1523.34375, 50.6651366411978
1408.0, 267.9468084337383, 1595.0, 1523.03125, 36.927621073556445
1409.0, 257.5780839227438, 1600.0, 1503.0, 46.82269836117192
1410.0, 263.5292382548815, 1600.0, 1578.34375, 14.763852788898026
1411.0, 269.0519947190796, 1555.0, 1586.34375, 9.219030823186221
1412.0, 269.99441465578764, 1524.0, 1557.625, 21.252293319716227
1413.0, 265.91895585188496, 1581.0, 1407.25, 69.08235121805284
1414.0, 264.0107054616894, 1593.0, 1475.96875, 48.8738340297566
1415.0, 261.3238353124765, 1600.0, 1517.78125, 44.976346992137
1416.0, 264.7106877365192, 1589.0, 1428.90625, 61.62207247386836
1417.0, 265.08400204826455, 1586.0, 1492.78125, 48.40188490155678
1418.0, 261.393216213322, 1600.0, 1522.8125, 46.77873583786155
1419.0, 264.0942376473089, 1592.0, 1510.5, 45.077137492240276
1420.0, 266.2619400571102, 1541.0, 1547.4375, 29.511467386623046
1421.0, 264.6782396631787, 1572.0, 1366.4375, 64.36595421512426
1422.0, 267.13742148292806, 1542.0, 1435.34375, 66.48551631179339
1423.0, 265.6852801532703, 1547.0, 1432.96875, 62.19564282550086
1424.0, 266.5509557362573, 1577.0, 1518.90625, 45.21823234348535
1425.0, 264.0175784831181, 1599.0, 1374.15625, 66.2079577229925
1426.0, 263.73598118092104, 1600.0, 1409.9375, 67.55417395841148
1427.0, 262.65499589937104, 1600.0, 1556.5, 30.69891359656711
1428.0, 255.68364166279596, 1600.0, 1572.03125, 20.942826173065217
1429.0, 259.26335049425404, 1600.0, 1423.25, 74.51514692844846
1430.0, 266.90558723188354, 1561.0, 1592.46875, 13.352474463306274
1431.0, 262.00459022182713, 1600.0, 1474.9375, 47.565417741852514
1432.0, 268.6580549950685, 1561.0, 1593.96875, 6.992771422659042
1433.0, 266.6565009765084, 1582.0, 1471.53125, 59.93220507374629
1434.0, 267.78848091023116, 1577.0, 1507.75, 50.825810559363354
1435.0, 266.51586608255525, 1597.0, 1469.71875, 67.73984529066344
1436.0, 261.15473750865186, 1600.0, 1503.09375, 52.36150448158015
1437.0, 264.5616463564536, 1600.0, 1512.21875, 47.84631059373775
1438.0, 263.5865010573079, 1600.0, 1434.375, 52.88897450726411
1439.0, 260.44161719550857, 1600.0, 1505.78125, 37.89069630770049
1440.0, 262.59161680755494, 1600.0, 1535.15625, 32.31658203884003
1441.0, 264.7983980951101, 1596.0, 1530.8125, 37.8215468523472
1442.0, 264.4508130065345, 1600.0, 1555.5625, 26.412829185579813
1443.0, 264.9030481465581, 1588.0, 1381.375, 83.04760465171928
1444.0, 267.9229234397288, 1559.0, 1567.6875, 18.435815089883086
1445.0, 264.4502259235303, 1599.0, 1446.09375, 51.68812794901479
1446.0, 267.4688586801439, 1560.0, 1584.46875, 19.7574419734372
1447.0, 245.3390648065202, 1422.0, 1464.09375, 61.10732768215887
1448.0, 267.07857125684336, 1559.0, 1440.40625, 65.23740108936117
1449.0, 268.223852921431, 1549.0, 1405.96875, 64.50471699103615
1450.0, 267.07117640238664, 1533.0, 1392.25, 67.68944238514328
1451.0, 262.9024188809186, 1583.0, 1438.5625, 59.0642130153875
1452.0, 264.05309737655176, 1590.0, 1471.0, 47.51977541795277
1453.0, 264.60017245321797, 1557.0, 1484.0, 57.06332392761018
1454.0, 262.73000530486974, 1573.0, 1445.0625, 63.28113678903426
1455.0, 263.965253745421, 1571.0, 1393.4375, 64.97236585793411
1456.0, 264.5267859069927, 1558.0, 1458.5625, 55.742525607008986
1457.0, 262.7217955273166, 1554.0, 1580.59375, 9.849258146367504
1458.0, 263.30482432564537, 1566.0, 1417.53125, 62.955922334767635
1459.0, 256.83655950770896, 1600.0, 1493.09375, 47.85325114432445
1460.0, 258.9320917576977, 1590.0, 1381.46875, 79.81565782783046
1461.0, 259.50164632967306, 1597.0, 1546.1875, 41.899434443906955
1462.0, 256.9204511745142, 1600.0, 1466.28125, 56.380905440807
1463.0, 257.81320217552263, 1600.0, 1474.625, 68.35572608202523
1464.0, 260.89044072837163, 1591.0, 1543.40625, 35.7447518707691
1465.0, 248.25151085864266, 1600.0, 1528.4375, 50.59920492854205
1466.0, 264.13551365079775, 1552.0, 1585.9375, 7.18287530338181
1467.0, 260.84210321366993, 1599.0, 1447.09375, 49.927008368238155
1468.0, 261.75159884381407, 1599.0, 1464.53125, 51.48052439453961
1469.0, 253.55324918480275, 1600.0, 1439.84375, 68.89744640397981
1470.0, 260.4804694538886, 1598.0, 1577.71875, 18.0849318004039
1471.0, 260.8456598554474, 1584.0, 1536.1875, 30.07754276123407
1472.0, 261.67226483225534, 1583.0, 1432.65625, 54.373434627586974
1473.0, 262.160527722043, 1595.0, 1510.75, 39.22153543370791
1474.0, 260.9876914176197, 1600.0, 1501.65625, 52.78471188457913
1475.0, 265.7550595542958, 1568.0, 1583.15625, 8.939501196911005
1476.0, 263.1718493081789, 1593.0, 1492.75, 39.23955007149106
1477.0, 263.7542310047809, 1600.0, 1423.84375, 74.2022389749726
1478.0, 257.71321792962584, 1600.0, 1523.78125, 39.8624001650094
1479.0, 261.2717344988671, 1600.0, 1517.9375, 47.19714478972045
1480.0, 262.04091719651416, 1592.0, 1560.28125, 30.51825430293583
1481.0, 262.58740365170183, 1598.0, 1512.0, 41.85476712690539
1482.0, 265.5393728032063, 1573.0, 1519.3125, 40.293075529406494
1483.0, 264.93364824014725, 1581.0, 1482.59375, 49.629062238588716
1484.0, 263.67058176170895, 1593.0, 1511.40625, 44.11085143901961
1485.0, 265.92942226185704, 1571.0, 1490.21875, 54.792531071524635
1486.0, 263.88844797413674, 1589.0, 1528.8125, 36.81829125868335
1487.0, 267.2475107810234, 1586.0, 1566.625, 19.530956393499025
1488.0, 260.10110398855676, 1600.0, 1538.71875, 30.138826584270802
1489.0, 266.10389172469763, 1579.0, 1558.3125, 35.66313527039852
1490.0, 267.2604049394902, 1562.0, 1532.96875, 34.18291548304587
1491.0, 264.43667531448403, 1587.0, 1571.5, 12.066095001146902
1492.0, 258.43534777462565, 1600.0, 1535.09375, 29.533294957661163
1493.0, 264.0322240033083, 1598.0, 1499.46875, 48.207303537891946
1494.0, 264.81762339537335, 1600.0, 1520.65625, 43.92595915993544
1495.0, 266.7820912441004, 1586.0, 1561.90625, 16.136797457255838
1496.0, 266.9523231026865, 1561.0, 1388.3125, 61.40859566759994
1497.0, 264.76296531159073, 1596.0, 1474.84375, 53.99328931281922
1498.0, 256.2322451008126, 1600.0, 1519.1875, 38.656897372053756
1499.0, 253.57060080656194, 1600.0, 1524.3125, 52.50049150753151
1500.0, 254.771034813493, 1600.0, 1544.96875, 43.43651863087466
